-- phpMyAdmin SQL Dump
-- version 3.5.2.2
-- http://www.phpmyadmin.net
--
-- Servidor: 127.0.0.1
-- Tempo de Geração: 
-- Versão do Servidor: 5.5.27
-- Versão do PHP: 5.4.7

SET SQL_MODE="NO_AUTO_VALUE_ON_ZERO";


/*!40101 SET @OLD_CHARACTER_SET_CLIENT=@@CHARACTER_SET_CLIENT */;
/*!40101 SET @OLD_CHARACTER_SET_RESULTS=@@CHARACTER_SET_RESULTS */;
/*!40101 SET @OLD_COLLATION_CONNECTION=@@COLLATION_CONNECTION */;
/*!40101 SET NAMES utf8 */;

--
-- Banco de Dados: `petshop`
--

-- --------------------------------------------------------

--
-- Estrutura da tabela `atendimentoservico`
--

CREATE TABLE IF NOT EXISTS `atendimentoservico` (
  `IdServico` int(11) NOT NULL,
  `IdPet` int(11) NOT NULL,
  `CPF` varchar(11) NOT NULL,
  `DataHoraEntrada` datetime NOT NULL,
  `DataHoraAgendamento` datetime DEFAULT NULL,
  `DataHoraSaida` datetime NOT NULL,
  PRIMARY KEY (`IdServico`,`IdPet`,`CPF`,`DataHoraEntrada`),
  KEY `IdServico_idx` (`IdServico`),
  KEY `IdPet_idx` (`IdPet`),
  KEY `CPFFuncionario_idx` (`CPF`)
) ENGINE=InnoDB DEFAULT CHARSET=latin1;

--
-- Extraindo dados da tabela `atendimentoservico`
--

INSERT INTO `atendimentoservico` (`IdServico`, `IdPet`, `CPF`, `DataHoraEntrada`, `DataHoraAgendamento`, `DataHoraSaida`) VALUES
(1, 955, '003-35-6271', '2017-05-20 00:00:00', NULL, '2017-06-08 00:00:00'),
(1, 2401, '002-75-8140', '2004-04-07 00:00:00', NULL, '2004-04-20 00:00:00'),
(1, 2569, '002-51-5285', '2010-06-24 00:00:00', NULL, '2010-07-05 00:00:00'),
(1, 2660, '002-55-6370', '2010-02-06 00:00:00', NULL, '2010-02-06 00:00:00'),
(1, 3632, '002-58-6578', '2003-12-15 00:00:00', NULL, '2003-12-28 00:00:00'),
(1, 5305, '002-58-6578', '2012-05-10 00:00:00', NULL, '2012-05-25 00:00:00'),
(1, 6140, '002-51-5285', '2003-12-25 00:00:00', NULL, '2004-01-02 00:00:00'),
(1, 7016, '002-55-6370', '2014-07-11 00:00:00', NULL, '2014-07-11 00:00:00'),
(1, 7859, '003-42-7502', '2009-01-28 00:00:00', NULL, '2009-02-14 00:00:00'),
(1, 7978, '003-42-7502', '2003-07-19 00:00:00', NULL, '2003-08-08 00:00:00'),
(1, 8662, '003-35-6271', '2005-10-28 00:00:00', NULL, '2005-10-28 00:00:00'),
(1, 9438, '002-51-5285', '2005-09-01 00:00:00', NULL, '2005-09-12 00:00:00'),
(1, 9605, '003-35-6271', '2015-06-15 00:00:00', NULL, '2015-06-29 00:00:00'),
(1, 9974, '003-32-7356', '2013-07-16 00:00:00', NULL, '2013-07-31 00:00:00'),
(1, 10414, '002-75-8140', '2011-04-20 00:00:00', NULL, '2011-05-04 00:00:00'),
(1, 10591, '002-85-3614', '2005-02-05 00:00:00', NULL, '2005-02-20 00:00:00'),
(1, 11339, '002-51-8767', '2012-06-09 00:00:00', NULL, '2012-06-17 00:00:00'),
(1, 11371, '002-51-8767', '2007-08-13 00:00:00', NULL, '2007-09-05 00:00:00'),
(1, 13238, '003-32-7356', '2013-05-09 00:00:00', NULL, '2013-05-11 00:00:00'),
(1, 13398, '002-51-5285', '2011-03-18 00:00:00', NULL, '2011-03-30 00:00:00'),
(1, 14595, '002-58-6578', '2007-10-26 00:00:00', NULL, '2007-11-05 00:00:00'),
(1, 14630, '002-55-6370', '2007-11-27 00:00:00', NULL, '2007-12-05 00:00:00'),
(1, 15450, '002-55-6370', '2011-11-26 00:00:00', NULL, '2011-11-26 00:00:00'),
(1, 15516, '002-58-6578', '2008-11-03 00:00:00', NULL, '2008-11-15 00:00:00'),
(1, 15532, '003-42-7502', '2004-09-05 00:00:00', NULL, '2004-09-08 00:00:00'),
(1, 15586, '002-51-8767', '2012-04-23 00:00:00', NULL, '2012-05-12 00:00:00'),
(1, 15935, '002-58-6578', '2003-08-19 00:00:00', NULL, '2003-09-10 00:00:00'),
(1, 16134, '002-51-8767', '2007-02-27 00:00:00', NULL, '2007-03-07 00:00:00'),
(1, 17462, '003-35-6271', '2009-09-06 00:00:00', NULL, '2009-09-14 00:00:00'),
(1, 17665, '002-55-6370', '2004-08-30 00:00:00', NULL, '2004-09-18 00:00:00'),
(1, 19113, '002-55-6370', '2004-10-11 00:00:00', NULL, '2004-10-24 00:00:00'),
(2, 66, '003-32-7356', '2006-03-10 00:00:00', NULL, '2006-03-18 00:00:00'),
(2, 955, '002-85-3614', '2016-02-29 00:00:00', NULL, '2016-03-17 00:00:00'),
(2, 1045, '002-85-3614', '2016-04-24 00:00:00', NULL, '2016-05-14 00:00:00'),
(2, 1135, '002-75-8140', '2012-12-22 00:00:00', NULL, '2013-01-08 00:00:00'),
(2, 1867, '002-58-6578', '2012-07-12 00:00:00', NULL, '2012-07-28 00:00:00'),
(2, 2346, '002-75-8140', '2009-01-26 00:00:00', NULL, '2009-02-12 00:00:00'),
(2, 2423, '003-42-7502', '2002-09-19 00:00:00', NULL, '2002-09-20 00:00:00'),
(2, 2833, '003-08-2183', '2012-12-10 00:00:00', NULL, '2012-12-31 00:00:00'),
(2, 3467, '002-75-8140', '2006-06-19 00:00:00', NULL, '2006-07-04 00:00:00'),
(2, 3930, '002-85-3614', '2008-02-18 00:00:00', NULL, '2008-02-20 00:00:00'),
(2, 3980, '003-32-7356', '2015-05-20 00:00:00', NULL, '2015-06-13 00:00:00'),
(2, 4978, '002-85-3614', '2006-02-21 00:00:00', NULL, '2006-03-12 00:00:00'),
(2, 5900, '002-55-6370', '2014-06-21 00:00:00', NULL, '2014-07-12 00:00:00'),
(2, 7731, '002-55-6370', '2009-09-30 00:00:00', NULL, '2009-10-25 00:00:00'),
(2, 7917, '002-55-6370', '2013-02-15 00:00:00', NULL, '2013-02-26 00:00:00'),
(2, 8130, '002-51-5285', '2009-05-18 00:00:00', NULL, '2009-05-19 00:00:00'),
(2, 8456, '002-51-5285', '2016-01-20 00:00:00', NULL, '2016-01-21 00:00:00'),
(2, 8553, '002-58-6578', '2015-04-16 00:00:00', NULL, '2015-04-22 00:00:00'),
(2, 8875, '002-51-8767', '2005-11-11 00:00:00', NULL, '2005-12-03 00:00:00'),
(2, 9325, '003-32-7356', '2009-03-14 00:00:00', NULL, '2009-03-16 00:00:00'),
(2, 10205, '002-55-6370', '2007-10-13 00:00:00', NULL, '2007-10-15 00:00:00'),
(2, 10625, '002-51-5285', '2005-03-24 00:00:00', NULL, '2005-04-15 00:00:00'),
(2, 10625, '003-35-6271', '2007-05-04 00:00:00', NULL, '2007-05-11 00:00:00'),
(2, 10730, '002-51-8767', '2010-07-14 00:00:00', NULL, '2010-07-30 00:00:00'),
(2, 11923, '003-32-7356', '2003-08-18 00:00:00', NULL, '2003-08-26 00:00:00'),
(2, 12474, '003-35-6271', '2012-12-26 00:00:00', NULL, '2013-01-06 00:00:00'),
(2, 13391, '003-32-7356', '2012-11-18 00:00:00', NULL, '2012-12-06 00:00:00'),
(2, 13429, '002-75-8140', '2010-09-20 00:00:00', NULL, '2010-10-04 00:00:00'),
(2, 13664, '002-51-5285', '2008-05-01 00:00:00', NULL, '2008-05-20 00:00:00'),
(2, 13930, '002-51-5285', '2008-10-28 00:00:00', NULL, '2008-11-21 00:00:00'),
(2, 14128, '002-51-5285', '2015-03-23 00:00:00', NULL, '2015-04-16 00:00:00'),
(2, 14499, '003-08-2183', '2011-07-31 00:00:00', NULL, '2011-08-06 00:00:00'),
(2, 14770, '003-35-6271', '2016-06-11 00:00:00', NULL, '2016-06-18 00:00:00'),
(2, 14945, '002-75-8140', '2013-08-04 00:00:00', NULL, '2013-08-17 00:00:00'),
(2, 15516, '002-55-6370', '2008-04-13 00:00:00', NULL, '2008-04-30 00:00:00'),
(2, 15615, '003-08-2183', '2014-07-29 00:00:00', NULL, '2014-08-08 00:00:00'),
(2, 16602, '002-51-5285', '2012-10-02 00:00:00', NULL, '2012-10-23 00:00:00'),
(2, 17808, '003-42-7502', '2006-01-13 00:00:00', NULL, '2006-01-27 00:00:00'),
(2, 19121, '002-85-3614', '2008-09-10 00:00:00', NULL, '2008-09-10 00:00:00'),
(2, 19217, '002-75-8140', '2016-07-04 00:00:00', NULL, '2016-07-17 00:00:00'),
(3, 1335, '003-08-2183', '2002-09-06 00:00:00', NULL, '2002-09-18 00:00:00'),
(3, 2821, '002-51-5285', '2004-12-28 00:00:00', NULL, '2005-01-02 00:00:00'),
(3, 2827, '002-55-6370', '2009-07-28 00:00:00', NULL, '2009-08-04 00:00:00'),
(3, 3885, '003-32-7356', '2004-11-11 00:00:00', NULL, '2004-12-02 00:00:00'),
(3, 4034, '002-58-6578', '2008-02-03 00:00:00', NULL, '2008-02-24 00:00:00'),
(3, 4069, '002-75-8140', '2007-07-27 00:00:00', NULL, '2007-08-20 00:00:00'),
(3, 4451, '002-58-6578', '2011-09-07 00:00:00', NULL, '2011-10-01 00:00:00'),
(3, 6049, '002-51-5285', '2014-09-17 00:00:00', NULL, '2014-09-21 00:00:00'),
(3, 6785, '003-08-2183', '2008-06-04 00:00:00', NULL, '2008-06-20 00:00:00'),
(3, 7739, '002-75-8140', '2009-01-05 00:00:00', NULL, '2009-01-17 00:00:00'),
(3, 7917, '003-42-7502', '2012-02-13 00:00:00', NULL, '2012-02-20 00:00:00'),
(3, 8108, '003-42-7502', '2003-07-03 00:00:00', NULL, '2003-07-20 00:00:00'),
(3, 8411, '002-51-5285', '2011-04-20 00:00:00', NULL, '2011-05-14 00:00:00'),
(3, 8795, '002-58-6578', '2012-05-20 00:00:00', NULL, '2012-06-12 00:00:00'),
(3, 9438, '002-51-8767', '2002-08-25 00:00:00', NULL, '2002-08-31 00:00:00'),
(3, 9441, '002-51-5285', '2003-11-24 00:00:00', NULL, '2003-12-01 00:00:00'),
(3, 9974, '002-75-8140', '2015-05-24 00:00:00', NULL, '2015-05-26 00:00:00'),
(3, 10205, '002-51-8767', '2011-07-03 00:00:00', NULL, '2011-07-20 00:00:00'),
(3, 10501, '003-35-6271', '2008-06-24 00:00:00', NULL, '2008-07-09 00:00:00'),
(3, 10518, '002-58-6578', '2002-12-23 00:00:00', NULL, '2002-12-28 00:00:00'),
(3, 10601, '002-75-8140', '2008-05-31 00:00:00', NULL, '2008-06-14 00:00:00'),
(3, 10730, '003-08-2183', '2010-07-08 00:00:00', NULL, '2010-07-23 00:00:00'),
(3, 11240, '003-42-7502', '2016-03-15 00:00:00', NULL, '2016-03-17 00:00:00'),
(3, 11923, '002-75-8140', '2004-10-19 00:00:00', NULL, '2004-10-21 00:00:00'),
(3, 12571, '002-58-6578', '2004-10-17 00:00:00', NULL, '2004-11-11 00:00:00'),
(3, 13630, '002-75-8140', '2014-04-17 00:00:00', NULL, '2014-04-20 00:00:00'),
(3, 13676, '003-42-7502', '2013-04-01 00:00:00', NULL, '2013-04-19 00:00:00'),
(3, 14072, '003-32-7356', '2013-08-06 00:00:00', NULL, '2013-08-23 00:00:00'),
(3, 14595, '002-85-3614', '2007-09-15 00:00:00', NULL, '2007-09-30 00:00:00'),
(3, 14739, '002-58-6578', '2013-09-06 00:00:00', NULL, '2013-09-16 00:00:00'),
(3, 17550, '002-75-8140', '2008-01-04 00:00:00', NULL, '2008-01-15 00:00:00'),
(3, 17808, '002-55-6370', '2001-08-24 00:00:00', NULL, '2001-09-14 00:00:00'),
(3, 17961, '003-35-6271', '2009-11-19 00:00:00', NULL, '2009-12-12 00:00:00'),
(3, 18478, '002-58-6578', '2009-04-27 00:00:00', NULL, '2009-05-16 00:00:00'),
(3, 19449, '002-58-6578', '2010-04-26 00:00:00', NULL, '2010-05-21 00:00:00'),
(3, 19531, '002-58-6578', '2016-02-15 00:00:00', NULL, '2016-02-27 00:00:00'),
(4, 679, '004-79-7842', '2010-07-15 12:00:00', NULL, '2010-07-15 12:50:00'),
(4, 1058, '003-82-5814', '2009-08-04 08:00:00', NULL, '2009-08-04 08:50:00'),
(4, 1058, '005-59-0490', '2010-06-01 14:00:00', NULL, '2010-06-01 14:50:00'),
(4, 1366, '005-16-3806', '2012-01-26 11:00:00', NULL, '2012-01-26 11:50:00'),
(4, 1415, '004-26-2948', '2015-05-25 11:00:00', NULL, '2015-05-25 11:50:00'),
(4, 2401, '005-59-0490', '2002-08-07 16:00:00', NULL, '2002-08-07 16:50:00'),
(4, 2457, '004-70-8460', '2011-04-08 08:00:00', NULL, '2011-04-08 08:50:00'),
(4, 3030, '005-59-0490', '2002-12-15 15:00:00', NULL, '2002-12-15 15:50:00'),
(4, 3885, '005-59-0490', '2002-06-10 10:00:00', NULL, '2002-06-10 10:50:00'),
(4, 4489, '004-78-1552', '2013-01-24 14:00:00', NULL, '2013-01-24 14:50:00'),
(4, 4757, '004-97-9965', '2005-09-16 11:00:00', NULL, '2005-09-16 11:50:00'),
(4, 4832, '004-04-7208', '2010-01-09 14:00:00', NULL, '2010-01-09 14:50:00'),
(4, 4872, '003-82-5814', '2010-06-16 10:00:00', NULL, '2010-06-16 10:50:00'),
(4, 6140, '005-16-3806', '2002-06-30 11:00:00', NULL, '2002-06-30 11:50:00'),
(4, 6142, '004-04-7208', '2005-04-17 10:00:00', NULL, '2005-04-17 10:50:00'),
(4, 6499, '004-04-7593', '2008-04-06 11:00:00', NULL, '2008-04-06 11:50:00'),
(4, 6499, '004-04-7593', '2008-07-13 12:00:00', NULL, '2008-07-13 12:50:00'),
(4, 6953, '004-70-8460', '2012-08-03 15:00:00', NULL, '2012-08-03 15:50:00'),
(4, 7655, '004-70-8460', '2013-09-30 16:00:00', NULL, '2013-09-30 16:50:00'),
(4, 7893, '004-26-2948', '2009-01-16 14:00:00', NULL, '2009-01-16 14:50:00'),
(4, 8436, '004-04-7208', '2003-04-01 13:00:00', NULL, '2003-04-01 13:50:00'),
(4, 8696, '003-54-1279', '2014-02-24 16:00:00', NULL, '2014-02-24 16:50:00'),
(4, 9441, '004-26-2948', '2002-12-21 12:00:00', NULL, '2002-12-21 12:50:00'),
(4, 10090, '004-70-8460', '2008-05-27 16:00:00', NULL, '2008-05-27 16:50:00'),
(4, 10379, '004-91-1979', '2004-01-17 12:00:00', NULL, '2004-01-17 12:50:00'),
(4, 10480, '004-97-9965', '2008-09-27 12:00:00', NULL, '2008-09-27 12:50:00'),
(4, 10515, '004-91-1979', '2001-12-31 08:00:00', NULL, '2001-12-31 08:50:00'),
(4, 10601, '003-92-5213', '2008-09-16 11:00:00', NULL, '2008-09-16 11:50:00'),
(4, 10877, '004-97-9965', '2013-02-01 08:00:00', NULL, '2013-02-01 08:50:00'),
(4, 11046, '004-70-8460', '2010-07-27 16:00:00', NULL, '2010-07-27 16:50:00'),
(4, 11551, '005-16-3806', '2003-12-24 09:00:00', NULL, '2003-12-24 09:50:00'),
(4, 11760, '005-05-9123', '2003-08-17 16:00:00', NULL, '2003-08-17 16:50:00'),
(4, 11770, '005-19-1660', '2002-06-17 11:00:00', NULL, '2002-06-17 11:50:00'),
(4, 11791, '004-26-2948', '2009-05-13 08:00:00', NULL, '2009-05-13 08:50:00'),
(4, 12019, '005-15-7266', '2001-03-21 12:00:00', NULL, '2001-03-21 12:50:00'),
(4, 12240, '003-92-5213', '2001-07-24 09:00:00', NULL, '2001-07-24 09:50:00'),
(4, 13429, '004-04-7208', '2006-05-24 13:00:00', NULL, '2006-05-24 13:50:00'),
(4, 14971, '004-79-7842', '2011-11-28 08:00:00', NULL, '2011-11-28 08:50:00'),
(4, 14971, '004-97-9965', '2012-09-04 13:00:00', NULL, '2012-09-04 13:50:00'),
(4, 15329, '003-82-5814', '2011-12-09 12:00:00', NULL, '2011-12-09 12:50:00'),
(4, 15615, '004-70-8460', '2013-12-17 13:00:00', NULL, '2013-12-17 13:50:00'),
(4, 16329, '003-82-5814', '2008-11-20 08:00:00', NULL, '2008-11-20 08:50:00'),
(4, 17010, '003-82-5814', '2014-12-16 13:00:00', NULL, '2014-12-16 13:50:00'),
(4, 17010, '004-97-9965', '2014-01-26 16:00:00', NULL, '2014-01-26 16:50:00'),
(4, 17652, '005-15-7266', '2005-10-17 15:00:00', NULL, '2005-10-17 15:50:00'),
(4, 17899, '004-91-1979', '2003-09-28 14:00:00', NULL, '2003-09-28 14:50:00'),
(4, 18071, '004-04-7593', '2005-03-18 15:00:00', NULL, '2005-03-18 15:50:00'),
(4, 18296, '005-05-9123', '2015-04-24 14:00:00', NULL, '2015-04-24 14:50:00'),
(4, 18478, '004-91-1979', '2006-12-04 10:00:00', NULL, '2006-12-04 10:50:00'),
(4, 18492, '005-05-9123', '2013-11-19 11:00:00', NULL, '2013-11-19 11:50:00'),
(4, 18639, '003-82-5814', '2008-11-26 12:00:00', NULL, '2008-11-26 12:50:00'),
(5, 538, '004-91-1979', '2002-05-04 14:00:00', NULL, '2002-05-04 14:30:00'),
(5, 1366, '004-04-7593', '2011-11-17 10:00:00', NULL, '2011-11-17 10:30:00'),
(5, 1415, '004-79-7842', '2014-07-02 12:00:00', NULL, '2014-07-02 12:30:00'),
(5, 1911, '003-82-5814', '2009-11-01 12:00:00', NULL, '2009-11-01 12:30:00'),
(5, 2423, '003-92-5213', '2001-05-21 11:00:00', NULL, '2001-05-21 11:30:00'),
(5, 2660, '005-05-9123', '2008-07-06 13:00:00', NULL, '2008-07-06 13:30:00'),
(5, 3030, '004-78-1552', '2002-06-27 15:00:00', NULL, '2002-06-27 15:30:00'),
(5, 3030, '005-16-3806', '2002-06-05 08:00:00', NULL, '2002-06-05 08:30:00'),
(5, 3030, '005-19-1660', '2002-05-10 13:00:00', NULL, '2002-05-10 13:30:00'),
(5, 3125, '003-82-5814', '2014-10-01 11:00:00', NULL, '2014-10-01 11:30:00'),
(5, 3125, '005-15-7266', '2014-02-21 16:00:00', NULL, '2014-02-21 16:30:00'),
(5, 3210, '004-97-9965', '2002-02-28 16:00:00', NULL, '2002-02-28 16:30:00'),
(5, 6451, '005-59-0490', '2003-12-25 13:00:00', NULL, '2003-12-25 13:30:00'),
(5, 6478, '005-19-1660', '2007-11-19 15:00:00', NULL, '2007-11-19 15:30:00'),
(5, 6568, '005-15-7266', '2006-07-22 14:00:00', NULL, '2006-07-22 14:30:00'),
(5, 7187, '004-04-7593', '2015-06-26 09:00:00', NULL, '2015-06-26 09:30:00'),
(5, 7187, '005-15-7266', '2013-05-23 15:00:00', NULL, '2013-05-23 15:30:00'),
(5, 8108, '003-82-5814', '2002-08-17 12:00:00', NULL, '2002-08-17 12:30:00'),
(5, 8696, '003-92-5213', '2015-05-26 15:00:00', NULL, '2015-05-26 15:30:00'),
(5, 8838, '005-15-7266', '2007-11-20 15:00:00', NULL, '2007-11-20 15:30:00'),
(5, 8850, '004-97-9965', '2004-10-03 14:00:00', NULL, '2004-10-03 14:30:00'),
(5, 9129, '005-19-1660', '2012-05-10 08:00:00', NULL, '2012-05-10 08:30:00'),
(5, 9450, '004-04-7208', '2006-12-02 10:00:00', NULL, '2006-12-02 10:30:00'),
(5, 9618, '005-05-9123', '2007-05-28 15:00:00', NULL, '2007-05-28 15:30:00'),
(5, 10205, '005-16-3806', '2008-01-28 11:00:00', NULL, '2008-01-28 11:30:00'),
(5, 10480, '004-91-1979', '2008-08-31 13:00:00', NULL, '2008-08-31 13:30:00'),
(5, 11240, '003-92-5213', '2012-12-11 13:00:00', NULL, '2012-12-11 13:30:00'),
(5, 11760, '005-59-0490', '2004-03-13 13:00:00', NULL, '2004-03-13 13:30:00'),
(5, 12294, '003-82-5814', '2011-09-29 08:00:00', NULL, '2011-09-29 08:30:00'),
(5, 12294, '004-26-2948', '2012-03-18 14:00:00', NULL, '2012-03-18 14:30:00'),
(5, 14899, '005-15-7266', '2013-11-21 13:00:00', NULL, '2013-11-21 13:30:00'),
(5, 15450, '005-16-3806', '2009-08-28 09:00:00', NULL, '2009-08-28 09:30:00'),
(5, 15615, '004-97-9965', '2012-09-13 10:00:00', NULL, '2012-09-13 10:30:00'),
(5, 15615, '004-97-9965', '2014-01-26 14:00:00', NULL, '2014-01-26 14:30:00'),
(5, 15616, '005-59-0490', '2013-08-24 14:00:00', NULL, '2013-08-24 14:30:00'),
(5, 16329, '004-91-1979', '2009-02-11 11:00:00', NULL, '2009-02-11 11:30:00'),
(5, 16376, '005-15-7266', '2011-03-03 09:00:00', NULL, '2011-03-03 09:30:00'),
(5, 17010, '004-04-7208', '2013-07-17 12:00:00', NULL, '2013-07-17 12:30:00'),
(5, 17330, '005-05-9123', '2005-10-23 16:00:00', NULL, '2005-10-23 16:30:00'),
(5, 17462, '004-91-1979', '2008-10-24 10:00:00', NULL, '2008-10-24 10:30:00'),
(5, 17550, '004-91-1979', '2007-05-07 14:00:00', NULL, '2007-05-07 14:30:00'),
(5, 18406, '004-91-1979', '2001-11-29 12:00:00', NULL, '2001-11-29 12:30:00'),
(5, 19045, '005-59-0490', '2011-04-03 15:00:00', NULL, '2011-04-03 15:30:00'),
(5, 19401, '004-04-7593', '2008-02-21 12:00:00', NULL, '2008-02-21 12:30:00'),
(5, 19485, '004-78-1552', '2011-09-17 15:00:00', NULL, '2011-09-17 15:30:00'),
(6, 538, '003-82-5814', '2001-09-18 14:00:00', NULL, '2001-09-18 15:20:00'),
(6, 761, '004-97-9965', '2011-04-07 11:00:00', NULL, '2011-04-07 12:20:00'),
(6, 1303, '004-04-7593', '2006-02-13 09:00:00', NULL, '2006-02-13 10:20:00'),
(6, 2833, '005-19-1660', '2011-02-27 11:00:00', NULL, '2011-02-27 12:20:00'),
(6, 2835, '003-54-1279', '2011-07-31 10:00:00', NULL, '2011-07-31 11:20:00'),
(6, 2835, '003-54-1279', '2011-12-01 10:00:00', NULL, '2011-12-01 11:20:00'),
(6, 3093, '004-70-8460', '2013-12-21 10:00:00', NULL, '2013-12-21 11:20:00'),
(6, 3207, '005-19-1660', '2008-02-22 11:00:00', NULL, '2008-02-22 12:20:00'),
(6, 3210, '004-97-9965', '2003-08-29 13:00:00', NULL, '2003-08-29 14:20:00'),
(6, 3348, '004-97-9965', '2004-08-10 11:00:00', NULL, '2004-08-10 12:20:00'),
(6, 3383, '005-19-1660', '2013-01-10 09:00:00', NULL, '2013-01-10 10:20:00'),
(6, 3980, '005-05-9123', '2013-03-18 08:00:00', NULL, '2013-03-18 09:20:00'),
(6, 4069, '004-70-8460', '2005-06-12 12:00:00', NULL, '2005-06-12 13:20:00'),
(6, 4451, '004-79-7842', '2010-11-14 09:00:00', NULL, '2010-11-14 10:20:00'),
(6, 4451, '004-91-1979', '2011-11-19 15:00:00', NULL, '2011-11-19 16:20:00'),
(6, 4510, '005-19-1660', '2012-07-11 12:00:00', NULL, '2012-07-11 13:20:00'),
(6, 5832, '004-91-1979', '2010-09-17 13:00:00', NULL, '2010-09-17 14:20:00'),
(6, 5900, '004-79-7842', '2012-06-08 12:00:00', NULL, '2012-06-08 13:20:00'),
(6, 6049, '004-26-2948', '2011-12-21 10:00:00', NULL, '2011-12-21 11:20:00'),
(6, 6568, '004-97-9965', '2006-07-17 10:00:00', NULL, '2006-07-17 11:20:00'),
(6, 6785, '004-04-7208', '2009-01-08 16:00:00', NULL, '2009-01-08 17:20:00'),
(6, 6865, '005-05-9123', '2008-01-24 14:00:00', NULL, '2008-01-24 15:20:00'),
(6, 7478, '004-70-8460', '2014-02-10 11:00:00', NULL, '2014-02-10 12:20:00'),
(6, 7739, '004-70-8460', '2008-12-20 14:00:00', NULL, '2008-12-20 15:20:00'),
(6, 8281, '003-54-1279', '2002-08-01 10:00:00', NULL, '2002-08-01 11:20:00'),
(6, 8429, '005-16-3806', '2010-06-13 14:00:00', NULL, '2010-06-13 15:20:00'),
(6, 8491, '004-97-9965', '2006-05-02 12:00:00', NULL, '2006-05-02 13:20:00'),
(6, 8780, '003-92-5213', '2006-12-27 13:00:00', NULL, '2006-12-27 14:20:00'),
(6, 9325, '004-78-1552', '2005-09-27 09:00:00', NULL, '2005-09-27 10:20:00'),
(6, 9361, '005-16-3806', '2001-10-10 09:00:00', NULL, '2001-10-10 10:20:00'),
(6, 9438, '004-78-1552', '2001-08-04 11:00:00', NULL, '2001-08-04 12:20:00'),
(6, 9605, '005-59-0490', '2013-06-30 09:00:00', NULL, '2013-06-30 10:20:00'),
(6, 10121, '004-97-9965', '2005-07-26 16:00:00', NULL, '2005-07-26 17:20:00'),
(6, 10209, '005-19-1660', '2007-08-10 08:00:00', NULL, '2007-08-10 09:20:00'),
(6, 11046, '003-54-1279', '2011-09-01 16:00:00', NULL, '2011-09-01 17:20:00'),
(6, 11371, '003-82-5814', '2004-03-04 10:00:00', NULL, '2004-03-04 11:20:00'),
(6, 11807, '005-16-3806', '2007-06-09 09:00:00', NULL, '2007-06-09 10:20:00'),
(6, 11873, '004-78-1552', '2012-05-20 08:00:00', NULL, '2012-05-20 09:20:00'),
(6, 13340, '004-78-1552', '2014-03-26 15:00:00', NULL, '2014-03-26 16:20:00'),
(6, 13828, '005-19-1660', '2002-01-05 11:00:00', NULL, '2002-01-05 12:20:00'),
(6, 14793, '004-70-8460', '2015-07-28 08:00:00', NULL, '2015-07-28 09:20:00'),
(6, 14945, '004-04-7208', '2011-01-08 13:00:00', NULL, '2011-01-08 14:20:00'),
(6, 15291, '004-04-7208', '2012-10-04 12:00:00', NULL, '2012-10-04 13:20:00'),
(6, 15516, '005-19-1660', '2007-11-18 14:00:00', NULL, '2007-11-18 15:20:00'),
(6, 16606, '004-04-7593', '2010-03-23 09:00:00', NULL, '2010-03-23 10:20:00'),
(6, 17106, '005-19-1660', '2010-07-03 08:00:00', NULL, '2010-07-03 09:20:00'),
(6, 17175, '003-82-5814', '2011-11-06 08:00:00', NULL, '2011-11-06 09:20:00'),
(6, 17652, '003-54-1279', '2006-02-13 16:00:00', NULL, '2006-02-13 17:20:00'),
(6, 19401, '004-97-9965', '2008-09-23 12:00:00', NULL, '2008-09-23 13:20:00'),
(7, 1303, '005-68-4518', '2005-01-16 08:00:00', '2005-01-16 08:00:00', '2005-01-16 12:00:00'),
(7, 1597, '005-74-3833', '2005-12-27 15:00:00', '2005-12-27 15:00:00', '2005-12-27 19:00:00'),
(7, 1886, '005-69-3146', '2002-05-19 15:00:00', '2002-05-19 15:00:00', '2002-05-19 19:00:00'),
(7, 1977, '005-64-7272', '2008-09-15 14:00:00', '2008-09-15 14:00:00', '2008-09-15 18:00:00'),
(7, 3383, '005-69-3146', '2012-06-16 10:00:00', '2012-06-16 10:00:00', '2012-06-16 14:00:00'),
(7, 3862, '005-69-3146', '2000-10-29 10:00:00', '2000-10-29 10:00:00', '2000-10-29 14:00:00'),
(7, 3928, '005-74-3833', '2013-02-09 16:00:00', '2013-02-09 16:00:00', '2013-02-09 20:00:00'),
(7, 4069, '005-68-4518', '2007-10-04 12:00:00', '2007-10-04 12:00:00', '2007-10-04 16:00:00'),
(7, 4832, '005-68-4518', '2010-04-21 12:00:00', '2010-04-21 12:00:00', '2010-04-21 16:00:00'),
(7, 6478, '005-68-4518', '2009-06-23 09:00:00', '2009-06-23 09:00:00', '2009-06-23 13:00:00'),
(7, 7917, '005-73-7817', '2010-03-06 16:00:00', '2010-03-06 16:00:00', '2010-03-06 20:00:00'),
(7, 8256, '005-91-0445', '2008-03-28 14:00:00', '2008-03-28 14:00:00', '2008-03-28 18:00:00'),
(7, 8356, '005-68-4518', '2001-01-28 11:00:00', '2001-01-28 11:00:00', '2001-01-28 15:00:00'),
(7, 8491, '005-69-3146', '2005-01-12 08:00:00', '2005-01-12 08:00:00', '2005-01-12 12:00:00'),
(7, 8553, '005-74-3833', '2011-05-30 14:00:00', '2011-05-30 14:00:00', '2011-05-30 18:00:00'),
(7, 9702, '005-73-7817', '2011-10-05 16:00:00', '2011-10-05 16:00:00', '2011-10-05 20:00:00'),
(7, 9974, '005-74-3833', '2013-09-15 16:00:00', '2013-09-15 16:00:00', '2013-09-15 20:00:00'),
(7, 10090, '005-69-3146', '2006-07-20 13:00:00', '2006-07-20 13:00:00', '2006-07-20 17:00:00'),
(7, 10121, '005-74-2148', '2006-01-28 12:00:00', '2006-01-28 12:00:00', '2006-01-28 16:00:00'),
(7, 10379, '005-91-0445', '2003-12-07 11:00:00', '2003-12-07 11:00:00', '2003-12-07 15:00:00'),
(7, 10387, '005-74-3833', '2001-11-19 14:00:00', '2001-11-19 14:00:00', '2001-11-19 18:00:00'),
(7, 10414, '005-91-0445', '2010-03-23 11:00:00', '2010-03-23 11:00:00', '2010-03-23 15:00:00'),
(7, 10489, '005-74-2148', '2004-06-07 11:00:00', '2004-06-07 11:00:00', '2004-06-07 15:00:00'),
(7, 10601, '005-91-0445', '2009-04-21 15:00:00', '2009-04-21 15:00:00', '2009-04-21 19:00:00'),
(7, 10730, '005-73-7817', '2010-07-26 15:00:00', '2010-07-26 15:00:00', '2010-07-26 19:00:00'),
(7, 10844, '005-69-3146', '2010-12-13 11:00:00', '2010-12-13 11:00:00', '2010-12-13 15:00:00'),
(7, 10914, '005-91-0445', '2000-07-22 15:00:00', '2000-07-22 15:00:00', '2000-07-22 19:00:00'),
(7, 10952, '005-64-7272', '2003-05-07 09:00:00', '2003-05-07 09:00:00', '2003-05-07 13:00:00'),
(7, 10952, '005-69-3146', '2004-06-24 13:00:00', '2004-06-24 13:00:00', '2004-06-24 17:00:00'),
(7, 11551, '005-69-3146', '2003-10-15 10:00:00', '2003-10-15 10:00:00', '2003-10-15 14:00:00'),
(7, 11629, '005-91-0445', '2007-12-16 10:00:00', '2007-12-16 10:00:00', '2007-12-16 14:00:00'),
(7, 11945, '005-68-4518', '2005-12-06 11:00:00', '2005-12-06 11:00:00', '2005-12-06 15:00:00'),
(7, 12240, '005-64-7272', '2001-10-02 15:00:00', '2001-10-02 15:00:00', '2001-10-02 19:00:00'),
(7, 12571, '005-74-3833', '2003-09-15 10:00:00', '2003-09-15 10:00:00', '2003-09-15 14:00:00'),
(7, 13429, '005-73-7817', '2007-03-09 14:00:00', '2007-03-09 14:00:00', '2007-03-09 18:00:00'),
(7, 14313, '005-74-3833', '2004-04-01 09:00:00', '2004-04-01 09:00:00', '2004-04-01 13:00:00'),
(7, 14739, '005-64-7272', '2011-12-27 09:00:00', '2011-12-27 09:00:00', '2011-12-27 13:00:00'),
(7, 15352, '005-68-4518', '2002-08-18 15:00:00', '2002-08-18 15:00:00', '2002-08-18 19:00:00'),
(7, 15365, '005-74-3833', '2008-12-15 12:00:00', '2008-12-15 12:00:00', '2008-12-15 16:00:00'),
(7, 15516, '005-91-0445', '2008-04-11 10:00:00', '2008-04-11 10:00:00', '2008-04-11 14:00:00'),
(7, 15532, '005-74-2148', '2004-04-02 14:00:00', '2004-04-02 14:00:00', '2004-04-02 18:00:00'),
(7, 16329, '005-91-0445', '2009-06-17 14:00:00', '2009-06-17 14:00:00', '2009-06-17 18:00:00'),
(7, 17106, '005-74-3833', '2009-12-07 13:00:00', '2009-12-07 13:00:00', '2009-12-07 17:00:00'),
(7, 17652, '005-64-7272', '2005-06-12 13:00:00', '2005-06-12 13:00:00', '2005-06-12 17:00:00'),
(7, 17665, '005-74-2148', '2005-12-10 08:00:00', '2005-12-10 08:00:00', '2005-12-10 12:00:00'),
(7, 17899, '005-69-3146', '2002-08-23 11:00:00', '2002-08-23 11:00:00', '2002-08-23 15:00:00'),
(7, 18286, '005-68-4518', '2010-06-26 16:00:00', '2010-06-26 16:00:00', '2010-06-26 20:00:00'),
(7, 18478, '005-73-7817', '2004-06-11 11:00:00', '2004-06-11 11:00:00', '2004-06-11 15:00:00'),
(7, 19401, '005-74-3833', '2009-03-24 16:00:00', '2009-03-24 16:00:00', '2009-03-24 20:00:00'),
(7, 19449, '005-64-7272', '2008-10-16 12:00:00', '2008-10-16 12:00:00', '2008-10-16 16:00:00'),
(7, 19485, '005-64-7272', '2012-02-01 11:00:00', '2012-02-01 11:00:00', '2012-02-01 15:00:00'),
(7, 19536, '005-68-4518', '2005-02-23 16:00:00', '2005-02-23 16:00:00', '2005-02-23 20:00:00'),
(8, 257, '005-64-7272', '2005-07-04 16:00:00', '2005-07-04 16:00:00', '2005-07-04 17:00:00'),
(8, 1023, '005-64-7272', '2005-06-20 08:00:00', '2005-06-20 08:00:00', '2005-06-20 09:00:00'),
(8, 1129, '005-73-7817', '2005-12-30 10:00:00', '2005-12-30 10:00:00', '2005-12-30 11:00:00'),
(8, 1137, '005-69-3146', '2004-03-23 10:00:00', '2004-03-23 10:00:00', '2004-03-23 11:00:00'),
(8, 2472, '005-74-2148', '2005-11-19 15:00:00', '2005-11-19 15:00:00', '2005-11-19 16:00:00'),
(8, 3030, '005-68-4518', '2004-03-05 09:00:00', '2004-03-05 09:00:00', '2004-03-05 10:00:00'),
(8, 5106, '005-74-2148', '2006-07-02 12:00:00', '2006-07-02 12:00:00', '2006-07-02 13:00:00'),
(8, 5148, '005-69-3146', '2007-12-14 16:00:00', '2007-12-14 16:00:00', '2007-12-14 17:00:00'),
(8, 6865, '005-68-4518', '2007-06-06 12:00:00', '2007-06-06 12:00:00', '2007-06-06 13:00:00'),
(8, 7068, '005-74-3833', '2014-11-11 13:00:00', '2014-11-11 13:00:00', '2014-11-11 14:00:00'),
(8, 7208, '005-73-7817', '2007-02-20 16:00:00', '2007-02-20 16:00:00', '2007-02-20 17:00:00'),
(8, 7718, '005-69-3146', '2004-08-15 14:00:00', '2004-08-15 14:00:00', '2004-08-15 15:00:00'),
(8, 7762, '005-74-2148', '2015-08-03 10:00:00', '2015-08-03 10:00:00', '2015-08-03 11:00:00'),
(8, 7795, '005-68-4518', '2003-10-23 13:00:00', '2003-10-23 13:00:00', '2003-10-23 14:00:00'),
(8, 7978, '005-68-4518', '2002-08-20 08:00:00', '2002-08-20 08:00:00', '2002-08-20 09:00:00'),
(8, 8613, '005-74-3833', '2015-08-27 11:00:00', '2015-08-27 11:00:00', '2015-08-27 12:00:00'),
(8, 8696, '005-68-4518', '2015-01-09 10:00:00', '2015-01-09 10:00:00', '2015-01-09 11:00:00'),
(8, 9272, '005-69-3146', '2005-11-30 13:00:00', '2005-11-30 13:00:00', '2005-11-30 14:00:00'),
(8, 9272, '005-74-2148', '2005-02-17 08:00:00', '2005-02-17 08:00:00', '2005-02-17 09:00:00'),
(8, 9438, '005-73-7817', '2001-09-03 15:00:00', '2001-09-03 15:00:00', '2001-09-03 16:00:00'),
(8, 9618, '005-74-2148', '2007-06-03 12:00:00', '2007-06-03 12:00:00', '2007-06-03 13:00:00'),
(8, 9702, '005-68-4518', '2009-06-10 12:00:00', '2009-06-10 12:00:00', '2009-06-10 13:00:00'),
(8, 10121, '005-68-4518', '2004-11-04 10:00:00', '2004-11-04 10:00:00', '2004-11-04 11:00:00'),
(8, 10209, '005-74-2148', '2008-05-19 15:00:00', '2008-05-19 15:00:00', '2008-05-19 16:00:00'),
(8, 10387, '005-91-0445', '2002-04-19 09:00:00', '2002-04-19 09:00:00', '2002-04-19 10:00:00'),
(8, 10501, '005-74-3833', '2009-01-15 13:00:00', '2009-01-15 13:00:00', '2009-01-15 14:00:00'),
(8, 10625, '005-64-7272', '2006-01-24 09:00:00', '2006-01-24 09:00:00', '2006-01-24 10:00:00'),
(8, 10877, '005-74-3833', '2012-08-01 12:00:00', '2012-08-01 12:00:00', '2012-08-01 13:00:00'),
(8, 11274, '005-64-7272', '2012-12-08 13:00:00', '2012-12-08 13:00:00', '2012-12-08 14:00:00'),
(8, 11319, '005-74-2148', '2006-04-29 08:00:00', '2006-04-29 08:00:00', '2006-04-29 09:00:00'),
(8, 11551, '005-74-2148', '2004-07-24 08:00:00', '2004-07-24 08:00:00', '2004-07-24 09:00:00'),
(8, 11945, '005-74-3833', '2006-11-10 16:00:00', '2006-11-10 16:00:00', '2006-11-10 17:00:00'),
(8, 11945, '005-74-3833', '2007-05-15 13:00:00', '2007-05-15 13:00:00', '2007-05-15 14:00:00'),
(8, 13398, '005-73-7817', '2009-01-08 12:00:00', '2009-01-08 12:00:00', '2009-01-08 13:00:00'),
(8, 13640, '005-68-4518', '2004-05-21 12:00:00', '2004-05-21 12:00:00', '2004-05-21 13:00:00'),
(8, 13640, '005-69-3146', '2003-07-29 09:00:00', '2003-07-29 09:00:00', '2003-07-29 10:00:00'),
(8, 14992, '005-68-4518', '2004-07-26 13:00:00', '2004-07-26 13:00:00', '2004-07-26 14:00:00'),
(8, 16120, '005-91-0445', '2009-08-19 13:00:00', '2009-08-19 13:00:00', '2009-08-19 14:00:00'),
(8, 16329, '005-64-7272', '2009-03-06 14:00:00', '2009-03-06 14:00:00', '2009-03-06 15:00:00'),
(8, 17550, '005-73-7817', '2006-11-01 11:00:00', '2006-11-01 11:00:00', '2006-11-01 12:00:00'),
(8, 18071, '005-69-3146', '2005-01-04 11:00:00', '2005-01-04 11:00:00', '2005-01-04 12:00:00'),
(8, 18480, '005-69-3146', '2001-07-12 08:00:00', '2001-07-12 08:00:00', '2001-07-12 09:00:00'),
(8, 19045, '005-73-7817', '2011-03-07 12:00:00', '2011-03-07 12:00:00', '2011-03-07 13:00:00'),
(8, 19277, '005-69-3146', '2014-11-03 11:00:00', '2014-11-03 11:00:00', '2014-11-03 12:00:00'),
(9, 358, '005-68-4518', '2008-05-08 14:00:00', '2008-05-08 14:00:00', '2008-05-08 15:00:00'),
(9, 395, '005-69-3146', '2001-01-24 16:00:00', '2001-01-24 16:00:00', '2001-01-24 17:00:00'),
(9, 1213, '005-74-2148', '2003-07-26 14:00:00', '2003-07-26 14:00:00', '2003-07-26 15:00:00'),
(9, 2821, '005-73-7817', '2004-12-11 15:00:00', '2004-12-11 15:00:00', '2004-12-11 16:00:00'),
(9, 3383, '005-69-3146', '2014-04-28 11:00:00', '2014-04-28 11:00:00', '2014-04-28 12:00:00'),
(9, 3520, '005-91-0445', '2012-07-01 09:00:00', '2012-07-01 09:00:00', '2012-07-01 10:00:00'),
(9, 3885, '005-69-3146', '2002-01-19 12:00:00', '2002-01-19 12:00:00', '2002-01-19 13:00:00'),
(9, 3928, '005-69-3146', '2011-11-08 13:00:00', '2011-11-08 13:00:00', '2011-11-08 14:00:00'),
(9, 3928, '005-74-3833', '2013-08-02 08:00:00', '2013-08-02 08:00:00', '2013-08-02 09:00:00'),
(9, 6142, '005-91-0445', '2005-08-08 09:00:00', '2005-08-08 09:00:00', '2005-08-08 10:00:00'),
(9, 6835, '005-74-2148', '2009-04-03 15:00:00', '2009-04-03 15:00:00', '2009-04-03 16:00:00'),
(9, 6865, '005-64-7272', '2008-03-20 15:00:00', '2008-03-20 15:00:00', '2008-03-20 16:00:00'),
(9, 6953, '005-69-3146', '2013-11-17 15:00:00', '2013-11-17 15:00:00', '2013-11-17 16:00:00'),
(9, 7655, '005-64-7272', '2014-01-01 09:00:00', '2014-01-01 09:00:00', '2014-01-01 10:00:00'),
(9, 7655, '005-74-3833', '2014-02-21 09:00:00', '2014-02-21 09:00:00', '2014-02-21 10:00:00'),
(9, 7859, '005-69-3146', '2008-10-27 12:00:00', '2008-10-27 12:00:00', '2008-10-27 13:00:00'),
(9, 8281, '005-73-7817', '2001-07-17 08:00:00', '2001-07-17 08:00:00', '2001-07-17 09:00:00'),
(9, 8662, '005-69-3146', '2002-02-17 15:00:00', '2002-02-17 15:00:00', '2002-02-17 16:00:00'),
(9, 8795, '005-68-4518', '2010-09-19 10:00:00', '2010-09-19 10:00:00', '2010-09-19 11:00:00'),
(9, 9132, '005-74-2148', '2004-07-09 14:00:00', '2004-07-09 14:00:00', '2004-07-09 15:00:00'),
(9, 9397, '005-74-2148', '2012-10-11 14:00:00', '2012-10-11 14:00:00', '2012-10-11 15:00:00'),
(9, 9974, '005-64-7272', '2015-08-31 09:00:00', '2015-08-31 09:00:00', '2015-08-31 10:00:00'),
(9, 10121, '005-69-3146', '2006-03-13 15:00:00', '2006-03-13 15:00:00', '2006-03-13 16:00:00'),
(9, 10167, '005-68-4518', '2010-07-06 14:00:00', '2010-07-06 14:00:00', '2010-07-06 15:00:00'),
(9, 10379, '005-91-0445', '2002-12-20 13:00:00', '2002-12-20 13:00:00', '2002-12-20 14:00:00'),
(9, 10414, '005-68-4518', '2008-04-01 08:00:00', '2008-04-01 08:00:00', '2008-04-01 09:00:00'),
(9, 10414, '005-73-7817', '2008-04-14 09:00:00', '2008-04-14 09:00:00', '2008-04-14 10:00:00'),
(9, 10625, '005-69-3146', '2003-12-15 16:00:00', '2003-12-15 16:00:00', '2003-12-15 17:00:00'),
(9, 10730, '005-64-7272', '2011-03-25 16:00:00', '2011-03-25 16:00:00', '2011-03-25 17:00:00'),
(9, 10754, '005-68-4518', '2008-08-08 11:00:00', '2008-08-08 11:00:00', '2008-08-08 12:00:00'),
(9, 10952, '005-73-7817', '2002-08-31 13:00:00', '2002-08-31 13:00:00', '2002-08-31 14:00:00'),
(9, 11425, '005-74-3833', '2008-08-18 11:00:00', '2008-08-18 11:00:00', '2008-08-18 12:00:00'),
(9, 11873, '005-74-3833', '2012-01-08 15:00:00', '2012-01-08 15:00:00', '2012-01-08 16:00:00'),
(9, 11923, '005-74-3833', '2003-08-10 15:00:00', '2003-08-10 15:00:00', '2003-08-10 16:00:00'),
(9, 12294, '005-74-2148', '2012-04-22 16:00:00', '2012-04-22 16:00:00', '2012-04-22 17:00:00'),
(9, 12571, '005-68-4518', '2004-07-05 08:00:00', '2004-07-05 08:00:00', '2004-07-05 09:00:00'),
(9, 14945, '005-68-4518', '2010-07-30 09:00:00', '2010-07-30 09:00:00', '2010-07-30 10:00:00'),
(9, 14992, '005-91-0445', '2005-04-20 11:00:00', '2005-04-20 11:00:00', '2005-04-20 12:00:00'),
(9, 15352, '005-64-7272', '2003-01-30 16:00:00', '2003-01-30 16:00:00', '2003-01-30 17:00:00'),
(9, 15461, '005-74-3833', '2011-02-04 15:00:00', '2011-02-04 15:00:00', '2011-02-04 16:00:00'),
(9, 15586, '005-73-7817', '2013-03-22 09:00:00', '2013-03-22 09:00:00', '2013-03-22 10:00:00'),
(9, 15589, '005-74-2148', '2013-03-05 11:00:00', '2013-03-05 11:00:00', '2013-03-05 12:00:00'),
(9, 15646, '005-64-7272', '2008-10-05 16:00:00', '2008-10-05 16:00:00', '2008-10-05 17:00:00'),
(9, 16329, '005-68-4518', '2010-08-13 13:00:00', '2010-08-13 13:00:00', '2010-08-13 14:00:00'),
(9, 17010, '005-91-0445', '2013-03-23 11:00:00', '2013-03-23 11:00:00', '2013-03-23 12:00:00'),
(9, 17170, '005-74-2148', '2015-05-03 09:00:00', '2015-05-03 09:00:00', '2015-05-03 10:00:00'),
(9, 17833, '005-91-0445', '2008-05-26 16:00:00', '2008-05-26 16:00:00', '2008-05-26 17:00:00'),
(9, 17899, '005-68-4518', '2002-09-25 09:00:00', '2002-09-25 09:00:00', '2002-09-25 10:00:00'),
(9, 18034, '005-69-3146', '2012-02-19 13:00:00', '2012-02-19 13:00:00', '2012-02-19 14:00:00'),
(9, 18766, '005-73-7817', '2012-01-14 12:00:00', '2012-01-14 12:00:00', '2012-01-14 13:00:00'),
(9, 19531, '005-74-2148', '2013-03-13 09:00:00', '2013-03-13 09:00:00', '2013-03-13 10:00:00'),
(9, 19536, '005-64-7272', '2004-09-09 08:00:00', '2004-09-09 08:00:00', '2004-09-09 09:00:00'),
(10, 219, '005-64-7272', '2010-03-29 14:00:00', '2010-03-29 14:00:00', '2010-04-01 14:00:00'),
(10, 528, '005-74-2148', '2012-08-27 13:00:00', '2012-08-27 13:00:00', '2012-08-30 13:00:00'),
(10, 1129, '005-68-4518', '2005-11-01 13:00:00', '2005-11-01 13:00:00', '2005-11-02 13:00:00'),
(10, 2401, '005-73-7817', '2001-09-15 08:00:00', '2001-09-15 08:00:00', '2001-09-16 08:00:00'),
(10, 2472, '005-73-7817', '2006-03-20 13:00:00', '2006-03-20 13:00:00', '2006-03-21 13:00:00'),
(10, 2821, '005-74-2148', '2005-10-31 15:00:00', '2005-10-31 15:00:00', '2005-11-02 15:00:00'),
(10, 3210, '005-68-4518', '2003-01-31 11:00:00', '2003-01-31 11:00:00', '2003-02-01 11:00:00'),
(10, 3383, '005-74-2148', '2012-10-01 08:00:00', '2012-10-01 08:00:00', '2012-10-02 08:00:00'),
(10, 3862, '005-74-2148', '2001-05-23 10:00:00', '2001-05-23 10:00:00', '2001-05-26 10:00:00'),
(10, 3885, '005-91-0445', '2001-07-15 13:00:00', '2001-07-15 13:00:00', '2001-07-18 13:00:00'),
(10, 4280, '005-68-4518', '2001-12-03 11:00:00', '2001-12-03 11:00:00', '2001-12-05 11:00:00'),
(10, 4280, '005-68-4518', '2001-12-12 14:00:00', '2001-12-12 14:00:00', '2001-12-13 14:00:00'),
(10, 4451, '005-64-7272', '2011-04-11 12:00:00', '2011-04-11 12:00:00', '2011-04-12 12:00:00'),
(10, 4757, '005-69-3146', '2006-02-14 13:00:00', '2006-02-14 13:00:00', '2006-02-17 13:00:00'),
(10, 4872, '005-74-3833', '2011-05-20 10:00:00', '2011-05-20 10:00:00', '2011-05-23 10:00:00'),
(10, 5305, '005-73-7817', '2011-04-20 12:00:00', '2011-04-20 12:00:00', '2011-04-23 12:00:00'),
(10, 6110, '005-91-0445', '2008-07-18 14:00:00', '2008-07-18 14:00:00', '2008-07-20 14:00:00'),
(10, 6143, '005-69-3146', '2009-05-08 12:00:00', '2009-05-08 12:00:00', '2009-05-10 12:00:00'),
(10, 6406, '005-91-0445', '2012-04-30 15:00:00', '2012-04-30 15:00:00', '2012-05-03 15:00:00'),
(10, 6798, '005-73-7817', '2001-01-02 11:00:00', '2001-01-02 11:00:00', '2001-01-04 11:00:00'),
(10, 7208, '005-91-0445', '2007-01-06 16:00:00', '2007-01-06 16:00:00', '2007-01-09 16:00:00'),
(10, 7718, '005-91-0445', '2005-08-02 15:00:00', '2005-08-02 15:00:00', '2005-08-03 15:00:00'),
(10, 8090, '005-69-3146', '2001-05-18 16:00:00', '2001-05-18 16:00:00', '2001-05-20 16:00:00'),
(10, 8102, '005-74-3833', '2004-07-30 16:00:00', '2004-07-30 16:00:00', '2004-08-01 16:00:00'),
(10, 8130, '005-69-3146', '2010-02-01 10:00:00', '2010-02-01 10:00:00', '2010-02-02 10:00:00'),
(10, 8456, '005-64-7272', '2014-04-24 12:00:00', '2014-04-24 12:00:00', '2014-04-26 12:00:00'),
(10, 9304, '005-69-3146', '2006-07-09 10:00:00', '2006-07-09 10:00:00', '2006-07-10 10:00:00'),
(10, 10121, '005-74-2148', '2006-08-25 16:00:00', '2006-08-25 16:00:00', '2006-08-27 16:00:00'),
(10, 10515, '005-74-2148', '2000-08-14 08:00:00', '2000-08-14 08:00:00', '2000-08-17 08:00:00'),
(10, 10601, '005-68-4518', '2007-03-29 16:00:00', '2007-03-29 16:00:00', '2007-04-01 16:00:00'),
(10, 11339, '005-91-0445', '2010-08-27 15:00:00', '2010-08-27 15:00:00', '2010-08-30 15:00:00'),
(10, 11945, '005-64-7272', '2006-09-30 13:00:00', '2006-09-30 13:00:00', '2006-10-01 13:00:00'),
(10, 12019, '005-74-2148', '2001-11-26 13:00:00', '2001-11-26 13:00:00', '2001-11-29 13:00:00'),
(10, 13640, '005-64-7272', '2002-12-15 08:00:00', '2002-12-15 08:00:00', '2002-12-17 08:00:00'),
(10, 13640, '005-68-4518', '2003-11-05 16:00:00', '2003-11-05 16:00:00', '2003-11-06 16:00:00'),
(10, 14087, '005-73-7817', '2007-04-03 08:00:00', '2007-04-03 08:00:00', '2007-04-04 08:00:00'),
(10, 14104, '005-74-3833', '2004-03-29 12:00:00', '2004-03-29 12:00:00', '2004-03-30 12:00:00'),
(10, 14945, '005-91-0445', '2011-01-03 16:00:00', '2011-01-03 16:00:00', '2011-01-05 16:00:00'),
(10, 14971, '005-69-3146', '2012-07-14 09:00:00', '2012-07-14 09:00:00', '2012-07-17 09:00:00'),
(10, 15450, '005-74-3833', '2008-09-14 09:00:00', '2008-09-14 09:00:00', '2008-09-17 09:00:00'),
(10, 15485, '005-91-0445', '2012-11-20 09:00:00', '2012-11-20 09:00:00', '2012-11-21 09:00:00'),
(10, 15615, '005-64-7272', '2012-11-16 11:00:00', '2012-11-16 11:00:00', '2012-11-17 11:00:00'),
(10, 15753, '005-64-7272', '2006-04-09 11:00:00', '2006-04-09 11:00:00', '2006-04-10 11:00:00'),
(10, 16500, '005-69-3146', '2005-12-03 10:00:00', '2005-12-03 10:00:00', '2005-12-05 10:00:00'),
(10, 17170, '005-69-3146', '2013-11-18 08:00:00', '2013-11-18 08:00:00', '2013-11-19 08:00:00'),
(10, 17330, '005-64-7272', '2007-03-11 11:00:00', '2007-03-11 11:00:00', '2007-03-14 11:00:00'),
(10, 17330, '005-68-4518', '2004-11-07 16:00:00', '2004-11-07 16:00:00', '2004-11-08 16:00:00'),
(10, 17652, '005-74-2148', '2006-09-24 08:00:00', '2006-09-24 08:00:00', '2006-09-25 08:00:00'),
(10, 18034, '005-69-3146', '2012-01-13 15:00:00', '2012-01-13 15:00:00', '2012-01-16 15:00:00'),
(10, 18406, '005-74-2148', '2002-07-15 08:00:00', '2002-07-15 08:00:00', '2002-07-17 08:00:00'),
(10, 18621, '005-74-3833', '2013-06-25 13:00:00', '2013-06-25 13:00:00', '2013-06-26 13:00:00'),
(10, 19374, '005-73-7817', '2010-03-19 13:00:00', '2010-03-19 13:00:00', '2010-03-21 13:00:00'),
(10, 19485, '005-74-2148', '2013-11-24 11:00:00', '2013-11-24 11:00:00', '2013-11-27 11:00:00'),
(11, 456, '005-74-3833', '2002-11-29 10:00:00', '2002-11-29 10:00:00', '2002-11-29 11:00:00'),
(11, 955, '005-74-2148', '2013-05-25 12:00:00', '2013-05-25 12:00:00', '2013-05-25 13:00:00'),
(11, 1058, '005-69-3146', '2009-09-29 13:00:00', '2009-09-29 13:00:00', '2009-09-29 14:00:00'),
(11, 1137, '005-74-2148', '2002-12-02 13:00:00', '2002-12-02 13:00:00', '2002-12-02 14:00:00'),
(11, 1575, '005-74-2148', '2010-06-27 16:00:00', '2010-06-27 16:00:00', '2010-06-27 17:00:00'),
(11, 1626, '005-73-7817', '2015-06-25 14:00:00', '2015-06-25 14:00:00', '2015-06-25 15:00:00'),
(11, 2462, '005-68-4518', '2009-11-01 09:00:00', '2009-11-01 09:00:00', '2009-11-01 10:00:00'),
(11, 2569, '005-74-3833', '2008-02-19 10:00:00', '2008-02-19 10:00:00', '2008-02-19 11:00:00'),
(11, 2827, '005-64-7272', '2006-05-26 10:00:00', '2006-05-26 10:00:00', '2006-05-26 11:00:00'),
(11, 3603, '005-74-3833', '2000-11-16 10:00:00', '2000-11-16 10:00:00', '2000-11-16 11:00:00'),
(11, 4171, '005-64-7272', '2004-08-30 14:00:00', '2004-08-30 14:00:00', '2004-08-30 15:00:00'),
(11, 4753, '005-69-3146', '2005-11-09 08:00:00', '2005-11-09 08:00:00', '2005-11-09 09:00:00'),
(11, 4753, '005-74-3833', '2006-07-26 16:00:00', '2006-07-26 16:00:00', '2006-07-26 17:00:00'),
(11, 4816, '005-68-4518', '2004-10-05 14:00:00', '2004-10-05 14:00:00', '2004-10-05 15:00:00'),
(11, 6478, '005-91-0445', '2007-12-28 12:00:00', '2007-12-28 12:00:00', '2007-12-28 13:00:00'),
(11, 7208, '005-73-7817', '2005-05-22 16:00:00', '2005-05-22 16:00:00', '2005-05-22 17:00:00'),
(11, 7739, '005-68-4518', '2008-12-31 14:00:00', '2008-12-31 14:00:00', '2008-12-31 15:00:00'),
(11, 7741, '005-74-2148', '2009-01-11 09:00:00', '2009-01-11 09:00:00', '2009-01-11 10:00:00'),
(11, 8780, '005-74-2148', '2006-11-19 13:00:00', '2006-11-19 13:00:00', '2006-11-19 14:00:00'),
(11, 8780, '005-74-3833', '2007-01-28 12:00:00', '2007-01-28 12:00:00', '2007-01-28 13:00:00'),
(11, 8795, '005-68-4518', '2008-06-13 11:00:00', '2008-06-13 11:00:00', '2008-06-13 12:00:00'),
(11, 8875, '005-64-7272', '2001-12-06 16:00:00', '2001-12-06 16:00:00', '2001-12-06 17:00:00'),
(11, 9304, '005-73-7817', '2006-03-09 11:00:00', '2006-03-09 11:00:00', '2006-03-09 12:00:00'),
(11, 9450, '005-74-3833', '2006-10-04 08:00:00', '2006-10-04 08:00:00', '2006-10-04 09:00:00'),
(11, 9618, '005-74-2148', '2007-04-07 14:00:00', '2007-04-07 14:00:00', '2007-04-07 15:00:00'),
(11, 9748, '005-64-7272', '2011-01-02 08:00:00', '2011-01-02 08:00:00', '2011-01-02 09:00:00'),
(11, 10167, '005-68-4518', '2012-04-04 08:00:00', '2012-04-04 08:00:00', '2012-04-04 09:00:00'),
(11, 10209, '005-64-7272', '2009-01-07 11:00:00', '2009-01-07 11:00:00', '2009-01-07 12:00:00'),
(11, 10277, '005-91-0445', '2009-02-20 16:00:00', '2009-02-20 16:00:00', '2009-02-20 17:00:00'),
(11, 11760, '005-91-0445', '2003-03-02 14:00:00', '2003-03-02 14:00:00', '2003-03-02 15:00:00'),
(11, 12019, '005-74-3833', '2002-03-29 15:00:00', '2002-03-29 15:00:00', '2002-03-29 16:00:00'),
(11, 12712, '005-73-7817', '2005-06-12 12:00:00', '2005-06-12 12:00:00', '2005-06-12 13:00:00'),
(11, 13340, '005-91-0445', '2012-01-15 10:00:00', '2012-01-15 10:00:00', '2012-01-15 11:00:00'),
(11, 13930, '005-69-3146', '2008-04-13 14:00:00', '2008-04-13 14:00:00', '2008-04-13 15:00:00'),
(11, 14128, '005-74-2148', '2013-08-22 09:00:00', '2013-08-22 09:00:00', '2013-08-22 10:00:00'),
(11, 14992, '005-74-3833', '2004-01-04 09:00:00', '2004-01-04 09:00:00', '2004-01-04 10:00:00'),
(11, 15450, '005-74-3833', '2010-12-05 16:00:00', '2010-12-05 16:00:00', '2010-12-05 17:00:00'),
(11, 15461, '005-68-4518', '2010-10-01 12:00:00', '2010-10-01 12:00:00', '2010-10-01 13:00:00'),
(11, 15586, '005-68-4518', '2013-09-03 09:00:00', '2013-09-03 09:00:00', '2013-09-03 10:00:00'),
(11, 15646, '005-91-0445', '2009-04-10 12:00:00', '2009-04-10 12:00:00', '2009-04-10 13:00:00'),
(11, 15987, '005-73-7817', '2012-05-04 11:00:00', '2012-05-04 11:00:00', '2012-05-04 12:00:00'),
(11, 16519, '005-73-7817', '2012-06-06 16:00:00', '2012-06-06 16:00:00', '2012-06-06 17:00:00'),
(11, 18621, '005-68-4518', '2013-02-21 15:00:00', '2013-02-21 15:00:00', '2013-02-21 16:00:00'),
(11, 19536, '005-68-4518', '2003-06-21 11:00:00', '2003-06-21 11:00:00', '2003-06-21 12:00:00'),
(12, 66, '005-74-2148', '2003-10-29 12:00:00', '2003-10-29 12:00:00', '2003-10-29 15:00:00'),
(12, 761, '005-74-2148', '2011-10-14 08:00:00', '2011-10-14 08:00:00', '2011-10-14 11:00:00'),
(12, 910, '005-91-0445', '2012-07-29 16:00:00', '2012-07-29 16:00:00', '2012-07-29 19:00:00'),
(12, 1045, '005-73-7817', '2015-08-18 12:00:00', '2015-08-18 12:00:00', '2015-08-18 15:00:00'),
(12, 1366, '005-68-4518', '2010-07-13 15:00:00', '2010-07-13 15:00:00', '2010-07-13 18:00:00'),
(12, 1626, '005-91-0445', '2013-08-21 13:00:00', '2013-08-21 13:00:00', '2013-08-21 16:00:00'),
(12, 3207, '005-74-3833', '2006-01-22 11:00:00', '2006-01-22 11:00:00', '2006-01-22 14:00:00'),
(12, 4280, '005-69-3146', '2001-05-09 10:00:00', '2001-05-09 10:00:00', '2001-05-09 13:00:00'),
(12, 4489, '005-91-0445', '2013-02-16 10:00:00', '2013-02-16 10:00:00', '2013-02-16 13:00:00'),
(12, 4832, '005-73-7817', '2009-02-17 15:00:00', '2009-02-17 15:00:00', '2009-02-17 18:00:00'),
(12, 4872, '005-64-7272', '2012-02-17 13:00:00', '2012-02-17 13:00:00', '2012-02-17 16:00:00'),
(12, 5900, '005-74-2148', '2013-10-30 10:00:00', '2013-10-30 10:00:00', '2013-10-30 13:00:00'),
(12, 6798, '005-64-7272', '2001-09-17 09:00:00', '2001-09-17 09:00:00', '2001-09-17 12:00:00'),
(12, 7016, '005-91-0445', '2012-01-09 09:00:00', '2012-01-09 09:00:00', '2012-01-09 12:00:00'),
(12, 7047, '005-74-2148', '2011-08-18 16:00:00', '2011-08-18 16:00:00', '2011-08-18 19:00:00'),
(12, 7077, '005-74-2148', '2005-03-06 14:00:00', '2005-03-06 14:00:00', '2005-03-06 17:00:00'),
(12, 7655, '005-91-0445', '2015-01-16 15:00:00', '2015-01-16 15:00:00', '2015-01-16 18:00:00'),
(12, 7718, '005-64-7272', '2006-01-24 11:00:00', '2006-01-24 11:00:00', '2006-01-24 14:00:00'),
(12, 7893, '005-91-0445', '2008-07-08 08:00:00', '2008-07-08 08:00:00', '2008-07-08 11:00:00'),
(12, 8356, '005-91-0445', '2001-03-19 12:00:00', '2001-03-19 12:00:00', '2001-03-19 15:00:00'),
(12, 8491, '005-91-0445', '2006-01-22 08:00:00', '2006-01-22 08:00:00', '2006-01-22 11:00:00'),
(12, 9132, '005-64-7272', '2002-03-15 11:00:00', '2002-03-15 11:00:00', '2002-03-15 14:00:00'),
(12, 9438, '005-69-3146', '2001-05-13 11:00:00', '2001-05-13 11:00:00', '2001-05-13 14:00:00'),
(12, 9974, '005-73-7817', '2015-10-03 10:00:00', '2015-10-03 10:00:00', '2015-10-03 13:00:00'),
(12, 10209, '005-74-3833', '2007-12-04 13:00:00', '2007-12-04 13:00:00', '2007-12-04 16:00:00'),
(12, 10601, '005-74-2148', '2007-06-27 16:00:00', '2007-06-27 16:00:00', '2007-06-27 19:00:00'),
(12, 11274, '005-64-7272', '2013-12-24 14:00:00', '2013-12-24 14:00:00', '2013-12-24 17:00:00'),
(12, 11339, '005-73-7817', '2010-02-19 13:00:00', '2010-02-19 13:00:00', '2010-02-19 16:00:00'),
(12, 11425, '005-69-3146', '2009-05-14 09:00:00', '2009-05-14 09:00:00', '2009-05-14 12:00:00'),
(12, 11704, '005-74-2148', '2010-05-18 09:00:00', '2010-05-18 09:00:00', '2010-05-18 12:00:00'),
(12, 11923, '005-91-0445', '2003-03-16 11:00:00', '2003-03-16 11:00:00', '2003-03-16 14:00:00'),
(12, 12870, '005-73-7817', '2000-05-30 09:00:00', '2000-05-30 09:00:00', '2000-05-30 12:00:00'),
(12, 14104, '005-69-3146', '2003-06-25 10:00:00', '2003-06-25 10:00:00', '2003-06-25 13:00:00'),
(12, 14484, '005-91-0445', '2006-01-02 12:00:00', '2006-01-02 12:00:00', '2006-01-02 15:00:00'),
(12, 14739, '005-74-3833', '2012-06-04 11:00:00', '2012-06-04 11:00:00', '2012-06-04 14:00:00'),
(12, 15461, '005-69-3146', '2010-12-05 09:00:00', '2010-12-05 09:00:00', '2010-12-05 12:00:00'),
(12, 17307, '005-74-3833', '2010-11-01 10:00:00', '2010-11-01 10:00:00', '2010-11-01 13:00:00'),
(12, 17330, '005-91-0445', '2005-02-24 10:00:00', '2005-02-24 10:00:00', '2005-02-24 13:00:00'),
(12, 17652, '005-91-0445', '2006-06-22 11:00:00', '2006-06-22 11:00:00', '2006-06-22 14:00:00'),
(12, 19277, '005-69-3146', '2015-07-11 16:00:00', '2015-07-11 16:00:00', '2015-07-11 19:00:00'),
(12, 19531, '005-68-4518', '2012-02-04 15:00:00', '2012-02-04 15:00:00', '2012-02-04 18:00:00'),
(13, 1135, '005-68-4518', '2013-03-07 11:00:00', '2013-03-07 11:00:00', '2013-03-07 13:00:00'),
(13, 1266, '005-64-7272', '2005-02-04 09:00:00', '2005-02-04 09:00:00', '2005-02-04 11:00:00'),
(13, 1867, '005-68-4518', '2007-09-28 09:00:00', '2007-09-28 09:00:00', '2007-09-28 11:00:00'),
(13, 2472, '005-74-3833', '2006-05-26 12:00:00', '2006-05-26 12:00:00', '2006-05-26 14:00:00'),
(13, 3210, '005-91-0445', '2003-07-10 16:00:00', '2003-07-10 16:00:00', '2003-07-10 18:00:00'),
(13, 3348, '005-91-0445', '2003-11-19 10:00:00', '2003-11-19 10:00:00', '2003-11-19 12:00:00'),
(13, 3885, '005-68-4518', '2000-06-15 13:00:00', '2000-06-15 13:00:00', '2000-06-15 15:00:00'),
(13, 3980, '005-64-7272', '2011-11-18 09:00:00', '2011-11-18 09:00:00', '2011-11-18 11:00:00'),
(13, 4462, '005-68-4518', '2009-06-12 12:00:00', '2009-06-12 12:00:00', '2009-06-12 14:00:00'),
(13, 4462, '005-69-3146', '2011-01-24 13:00:00', '2011-01-24 13:00:00', '2011-01-24 15:00:00'),
(13, 4753, '005-74-3833', '2006-01-10 10:00:00', '2006-01-10 10:00:00', '2006-01-10 12:00:00'),
(13, 5154, '005-91-0445', '2012-12-16 12:00:00', '2012-12-16 12:00:00', '2012-12-16 14:00:00'),
(13, 5415, '005-74-2148', '2009-07-23 08:00:00', '2009-07-23 08:00:00', '2009-07-23 10:00:00'),
(13, 6785, '005-73-7817', '2010-06-04 15:00:00', '2010-06-04 15:00:00', '2010-06-04 17:00:00'),
(13, 6865, '005-64-7272', '2008-03-28 14:00:00', '2008-03-28 14:00:00', '2008-03-28 16:00:00'),
(13, 6865, '005-69-3146', '2008-02-04 11:00:00', '2008-02-04 11:00:00', '2008-02-04 13:00:00'),
(13, 7192, '005-68-4518', '2010-03-11 09:00:00', '2010-03-11 09:00:00', '2010-03-11 11:00:00'),
(13, 8256, '005-69-3146', '2008-10-15 13:00:00', '2008-10-15 13:00:00', '2008-10-15 15:00:00'),
(13, 8256, '005-74-3833', '2009-03-31 08:00:00', '2009-03-31 08:00:00', '2009-03-31 10:00:00'),
(13, 8553, '005-91-0445', '2012-03-19 09:00:00', '2012-03-19 09:00:00', '2012-03-19 11:00:00'),
(13, 8613, '005-68-4518', '2013-02-12 09:00:00', '2013-02-12 09:00:00', '2013-02-12 11:00:00'),
(13, 8838, '005-69-3146', '2006-07-04 09:00:00', '2006-07-04 09:00:00', '2006-07-04 11:00:00'),
(13, 9596, '005-91-0445', '2012-01-06 16:00:00', '2012-01-06 16:00:00', '2012-01-06 18:00:00'),
(13, 10121, '005-73-7817', '2006-05-16 15:00:00', '2006-05-16 15:00:00', '2006-05-16 17:00:00'),
(13, 10982, '005-91-0445', '2009-11-15 09:00:00', '2009-11-15 09:00:00', '2009-11-15 11:00:00'),
(13, 11319, '005-74-2148', '2004-09-25 09:00:00', '2004-09-25 09:00:00', '2004-09-25 11:00:00'),
(13, 11319, '005-91-0445', '2004-06-08 14:00:00', '2004-06-08 14:00:00', '2004-06-08 16:00:00'),
(13, 11551, '005-74-3833', '2004-08-14 10:00:00', '2004-08-14 10:00:00', '2004-08-14 12:00:00'),
(13, 12019, '005-73-7817', '2003-05-29 10:00:00', '2003-05-29 10:00:00', '2003-05-29 12:00:00'),
(13, 12640, '005-91-0445', '2004-03-04 11:00:00', '2004-03-04 11:00:00', '2004-03-04 13:00:00'),
(13, 13672, '005-74-2148', '2002-05-01 11:00:00', '2002-05-01 11:00:00', '2002-05-01 13:00:00'),
(13, 14072, '005-64-7272', '2013-08-29 14:00:00', '2013-08-29 14:00:00', '2013-08-29 16:00:00'),
(13, 14072, '005-74-3833', '2011-12-12 10:00:00', '2011-12-12 10:00:00', '2011-12-12 12:00:00'),
(13, 14128, '005-64-7272', '2013-06-21 12:00:00', '2013-06-21 12:00:00', '2013-06-21 14:00:00'),
(13, 14770, '005-74-3833', '2014-06-09 08:00:00', '2014-06-09 08:00:00', '2014-06-09 10:00:00'),
(13, 14899, '005-64-7272', '2013-05-20 13:00:00', '2013-05-20 13:00:00', '2013-05-20 15:00:00'),
(13, 15184, '005-68-4518', '2009-09-09 10:00:00', '2009-09-09 10:00:00', '2009-09-09 12:00:00'),
(13, 15935, '005-69-3146', '2002-09-11 11:00:00', '2002-09-11 11:00:00', '2002-09-11 13:00:00'),
(13, 16329, '005-68-4518', '2009-07-14 16:00:00', '2009-07-14 16:00:00', '2009-07-14 18:00:00'),
(13, 16396, '005-68-4518', '2003-05-10 10:00:00', '2003-05-10 10:00:00', '2003-05-10 12:00:00'),
(13, 16606, '005-74-2148', '2009-03-13 12:00:00', '2009-03-13 12:00:00', '2009-03-13 14:00:00'),
(13, 17175, '005-74-2148', '2012-05-03 08:00:00', '2012-05-03 08:00:00', '2012-05-03 10:00:00'),
(13, 17307, '005-68-4518', '2011-06-12 08:00:00', '2011-06-12 08:00:00', '2011-06-12 10:00:00'),
(13, 17585, '005-74-2148', '2003-11-07 08:00:00', '2003-11-07 08:00:00', '2003-11-07 10:00:00'),
(13, 17808, '005-68-4518', '2002-04-02 08:00:00', '2002-04-02 08:00:00', '2002-04-02 10:00:00'),
(13, 19045, '005-64-7272', '2012-09-27 16:00:00', '2012-09-27 16:00:00', '2012-09-27 18:00:00'),
(14, 456, '005-68-4518', '2002-11-26 14:00:00', '2002-11-26 14:00:00', '2002-12-06 14:00:00'),
(14, 456, '005-74-3833', '2002-07-30 08:00:00', '2002-07-30 08:00:00', '2002-08-02 08:00:00'),
(14, 910, '005-73-7817', '2012-02-29 10:00:00', '2012-02-29 10:00:00', '2012-03-08 10:00:00'),
(14, 1366, '005-73-7817', '2010-06-23 12:00:00', '2010-06-23 12:00:00', '2010-06-26 12:00:00'),
(14, 2835, '005-74-2148', '2012-05-17 08:00:00', '2012-05-17 08:00:00', '2012-05-27 08:00:00'),
(14, 3093, '005-91-0445', '2014-11-21 10:00:00', '2014-11-21 10:00:00', '2014-11-30 10:00:00'),
(14, 3603, '005-73-7817', '2003-03-24 08:00:00', '2003-03-24 08:00:00', '2003-03-28 08:00:00'),
(14, 3980, '005-91-0445', '2013-04-25 09:00:00', '2013-04-25 09:00:00', '2013-05-04 09:00:00'),
(14, 4171, '005-68-4518', '2005-07-05 16:00:00', '2005-07-05 16:00:00', '2005-07-13 16:00:00'),
(14, 6110, '005-91-0445', '2007-12-27 13:00:00', '2007-12-27 13:00:00', '2008-01-04 13:00:00'),
(14, 7077, '005-73-7817', '2006-07-30 08:00:00', '2006-07-30 08:00:00', '2006-08-07 08:00:00'),
(14, 7290, '005-74-3833', '2001-08-30 14:00:00', '2001-08-30 14:00:00', '2001-09-03 14:00:00'),
(14, 8850, '005-91-0445', '2004-09-13 12:00:00', '2004-09-13 12:00:00', '2004-09-19 12:00:00'),
(14, 10006, '005-64-7272', '2014-04-01 13:00:00', '2014-04-01 13:00:00', '2014-04-04 13:00:00'),
(14, 10387, '005-74-3833', '2001-11-10 11:00:00', '2001-11-10 11:00:00', '2001-11-13 11:00:00'),
(14, 10501, '005-68-4518', '2009-03-27 16:00:00', '2009-03-27 16:00:00', '2009-03-28 16:00:00'),
(14, 10518, '005-64-7272', '2002-11-20 08:00:00', '2002-11-20 08:00:00', '2002-11-26 08:00:00'),
(14, 10651, '005-74-2148', '2008-12-08 12:00:00', '2008-12-08 12:00:00', '2008-12-12 12:00:00'),
(14, 10651, '005-91-0445', '2007-04-05 11:00:00', '2007-04-05 11:00:00', '2007-04-10 11:00:00'),
(14, 11274, '005-91-0445', '2013-01-07 08:00:00', '2013-01-07 08:00:00', '2013-01-11 08:00:00'),
(14, 11339, '005-91-0445', '2012-06-06 11:00:00', '2012-06-06 11:00:00', '2012-06-07 11:00:00'),
(14, 11667, '005-74-2148', '2006-12-17 16:00:00', '2006-12-17 16:00:00', '2006-12-26 16:00:00'),
(14, 11873, '005-64-7272', '2013-01-25 12:00:00', '2013-01-25 12:00:00', '2013-01-26 12:00:00'),
(14, 12240, '005-73-7817', '2002-11-26 10:00:00', '2002-11-26 10:00:00', '2002-12-06 10:00:00'),
(14, 13062, '005-74-2148', '2002-11-04 09:00:00', '2002-11-04 09:00:00', '2002-11-12 09:00:00'),
(14, 13391, '005-74-2148', '2010-03-17 08:00:00', '2010-03-17 08:00:00', '2010-03-27 08:00:00'),
(14, 13398, '005-91-0445', '2010-07-07 09:00:00', '2010-07-07 09:00:00', '2010-07-13 09:00:00'),
(14, 14499, '005-64-7272', '2010-09-25 13:00:00', '2010-09-25 13:00:00', '2010-10-04 13:00:00'),
(14, 14899, '005-73-7817', '2013-09-05 16:00:00', '2013-09-05 16:00:00', '2013-09-14 16:00:00'),
(14, 15461, '005-91-0445', '2012-06-28 14:00:00', '2012-06-28 14:00:00', '2012-07-06 14:00:00'),
(14, 15589, '005-74-2148', '2014-06-17 16:00:00', '2014-06-17 16:00:00', '2014-06-19 16:00:00'),
(14, 16376, '005-74-2148', '2011-10-11 08:00:00', '2011-10-11 08:00:00', '2011-10-19 08:00:00'),
(14, 17833, '005-73-7817', '2008-12-15 12:00:00', '2008-12-15 12:00:00', '2008-12-17 12:00:00'),
(14, 18034, '005-68-4518', '2012-09-20 11:00:00', '2012-09-20 11:00:00', '2012-09-25 11:00:00'),
(14, 18034, '005-73-7817', '2012-04-05 13:00:00', '2012-04-05 13:00:00', '2012-04-14 13:00:00'),
(14, 19217, '005-91-0445', '2013-12-06 08:00:00', '2013-12-06 08:00:00', '2013-12-16 08:00:00');

-- --------------------------------------------------------

--
-- Estrutura da tabela `cliente`
--

CREATE TABLE IF NOT EXISTS `cliente` (
  `Endereco` varchar(255) NOT NULL,
  `DataCadastro` date NOT NULL,
  `CPF` varchar(11) NOT NULL,
  PRIMARY KEY (`CPF`)
) ENGINE=InnoDB DEFAULT CHARSET=latin1;

--
-- Extraindo dados da tabela `cliente`
--

INSERT INTO `cliente` (`Endereco`, `DataCadastro`, `CPF`) VALUES
('2060 South Niue Ct.', '2012-01-25', '401-27-3212'),
('58271 West India Ave.', '2013-06-11', '981-75-6841'),
('85458 East Brunei Darussalam Ave.', '2013-06-11', '981-81-2788'),
('98365 North Netherlands Antilles Way', '2013-06-11', '981-86-7000'),
('67937 North Daly City Ln.', '2013-06-11', '982-10-0496'),
('46892  Bell Way', '2013-06-11', '982-21-4502'),
('52296 West Bosnia and Herzegovina Ave.', '2013-06-11', '982-43-8572'),
('47825 West Austria Blvd.', '2013-06-11', '982-83-3289'),
('78542 West Colombia Way', '2013-06-11', '982-86-8667'),
('19554 South Bhutan Ct.', '2013-06-11', '982-97-4674'),
('49832 South Bahamas Way', '2013-06-11', '983-01-9550'),
('58964 East Estonia Ave.', '2013-06-11', '983-17-5659'),
('65691 West Bahrain Way', '2013-06-11', '983-18-2454'),
('73593 West Chino Ct.', '2013-06-12', '983-47-9103'),
('44696 South Arlington St.', '2013-06-12', '983-58-5122'),
('40129 North Chad Ave.', '2013-06-12', '983-62-0322'),
('39300 North Bangladesh Blvd.', '2013-06-12', '983-71-2262'),
('67274 East Gardner Way', '2013-06-12', '983-92-2844'),
('49995 South Bouvet Island Ave.', '2013-06-12', '983-98-5942'),
('86971 South Brunei Darussalam Blvd.', '2013-06-12', '984-09-3174'),
('37972  Dominica St.', '2013-06-12', '984-31-3570'),
('84143 North Las Cruces Ave.', '2013-06-12', '984-34-2782'),
('80452  Romania Blvd.', '2013-06-12', '984-36-7254'),
('65775 South Netherlands Antilles Way', '2013-06-12', '984-46-3093'),
('87425 North Albania Way', '2013-06-12', '984-52-9811'),
('16183 North Rwanda Ln.', '2013-06-13', '984-59-3233'),
('23337 North Haiti Ct.', '2013-06-13', '984-59-7668'),
('5560 West Cambridge Blvd.', '2013-06-13', '984-71-1477'),
('46164 North Philadelphia St.', '2013-06-13', '984-83-7979'),
('43435 West Mongolia St.', '2013-06-13', '985-28-0087'),
('16682 North Brunei Darussalam Ct.', '2013-06-13', '985-32-0420'),
('2621 West Tajikistan Ln.', '2013-06-13', '985-32-6656'),
('39934 North Canada Blvd.', '2013-06-13', '985-33-2385'),
('17750 West Lebanon Blvd.', '2013-06-13', '985-42-8125'),
('84283 South Belleville Ln.', '2013-06-13', '985-47-3998'),
('4990  Marshfield Ct.', '2013-06-13', '985-48-8980'),
('9775  Garden Grove St.', '2013-06-14', '985-51-2335'),
('50410 North Maywood Blvd.', '2013-06-14', '985-53-4002'),
('40322 East Burkina Faso Way', '2013-06-14', '985-64-2800'),
('19961 South Anguilla Ct.', '2013-06-14', '986-11-1509'),
('71248 West Comoros Blvd.', '2013-06-14', '986-31-3786'),
('12649  Atlantic City Ct.', '2013-06-14', '986-33-5796'),
('99896 North Svalbard and Jan Mayen Ct.', '2013-06-14', '986-41-3540'),
('58973 South Bahamas Ave.', '2013-06-14', '986-48-2165'),
('42698 South Heard Island and Mcdonald Islands Ln.', '2013-06-14', '986-67-8403'),
('34369 West Faroe Islands Blvd.', '2013-06-14', '986-91-8180'),
('35723 North Austria Ave.', '2013-06-14', '987-01-6827'),
('51584  Greenfield Blvd.', '2013-06-15', '987-10-2493'),
('99772 West Cocos (Keeling) Islands St.', '2013-06-15', '987-21-0746'),
('96635 West Netherlands Ct.', '2013-06-15', '987-52-6568'),
('1941 South Bosnia and Herzegovina Ct.', '2013-06-15', '987-54-3299'),
('85315 West Cambodia Blvd.', '2013-06-15', '987-68-4699'),
('19130 South Togo St.', '2013-06-15', '987-72-3194'),
('32685  Enfield Ave.', '2013-06-15', '987-86-0921'),
('81358 North Michigan City St.', '2013-06-15', '988-10-0868'),
('18056 South Cuba Way', '2013-06-15', '988-19-8908'),
('4781 South Luxembourg Way', '2013-06-15', '988-24-7508'),
('85908 West Reunion Way', '2013-06-16', '988-34-3247'),
('50587 North Kenya St.', '2013-06-16', '988-49-2741'),
('5695  Burkina Faso Ct.', '2013-06-16', '988-87-2950'),
('81769 North Bakersfield Ln.', '2013-06-16', '988-99-1632'),
('15152 North Colombia Blvd.', '2013-06-16', '989-01-7075'),
('39431 North Costa Rica Way', '2013-06-16', '989-24-4123'),
('12934  Elizabeth City Ave.', '2013-06-16', '989-33-7114'),
('30172 East Jordan Ave.', '2013-06-16', '989-65-4591'),
('17413 South American Samoa St.', '2013-06-16', '989-69-2110'),
('42886 West Nacogdoches Ct.', '2013-06-17', '989-98-5378'),
('72300 West Grenada St.', '2013-06-17', '990-01-4538'),
('26355  Kahului Ln.', '2013-06-17', '990-05-2008'),
('44079 East Virgin Islands, U.S. Ln.', '2013-06-17', '990-42-1848'),
('14106 West Butte Blvd.', '2013-06-17', '990-44-7032'),
('99976 North Jeannette Ave.', '2013-06-17', '990-60-2970'),
('97993 South Anguilla Ct.', '2013-06-17', '990-86-1674'),
('82860 North Deadwood Ct.', '2013-06-17', '990-97-1367'),
('2509 West Ogdensburg St.', '2013-06-18', '991-04-5345'),
('34164 South Uzbekistan Way', '2013-06-18', '991-12-0127'),
('37590 West Andorra St.', '2013-06-18', '991-27-3557'),
('65209 North Christmas Island Ave.', '2013-06-18', '991-33-7648'),
('54191 East Cook Islands Ave.', '2013-06-18', '991-34-6011'),
('98889  British Indian Ocean Territory St.', '2013-06-18', '991-61-9781'),
('70891 East Henderson Blvd.', '2013-06-18', '991-93-1835'),
('96713 West Owensboro Ave.', '2013-06-18', '992-15-9310'),
('21227 South Montserrat Ct.', '2013-06-18', '992-16-9888'),
('2111 West Bangladesh Ln.', '2013-06-18', '992-22-1704'),
('13188 West Jamaica Ave.', '2013-06-18', '992-23-6102'),
('29805 North Boulder Junction Ave.', '2013-06-19', '992-40-4505'),
('34911 West Bend Ave.', '2013-06-19', '992-43-5950'),
('91838 South Algeria Ln.', '2013-06-19', '992-46-0322'),
('69673 East Bahrain Ln.', '2013-06-19', '992-82-7173'),
('34631 East Barbados Ln.', '2013-06-19', '992-87-7577'),
('8237 North Guyana Ln.', '2013-06-19', '992-95-4020'),
('43391 West Burkina Faso St.', '2013-06-19', '993-31-4503'),
('25435 South Baldwin Park Ave.', '2013-06-19', '993-32-4995'),
('87724 West Barbados Blvd.', '2013-06-19', '993-41-5899'),
('63874 South Bouvet Island Ave.', '2013-06-19', '993-68-8454'),
('56762 North Israel Blvd.', '2013-06-19', '993-76-0707'),
('289  Czech Republic St.', '2013-06-19', '993-86-1317'),
('732  Saint Helena Ct.', '2013-06-20', '994-01-2595'),
('16624 North Namibia Ln.', '2013-06-20', '994-18-8690'),
('43914  Bhutan Ct.', '2013-06-20', '994-34-1151'),
('6236 North Slovenia Way', '2013-06-20', '994-35-4180'),
('2617  Algeria Ave.', '2013-06-20', '994-63-2676'),
('3568 South Slovakia Ave.', '2013-06-20', '994-71-1094'),
('52635 North Chad Way', '2013-06-20', '994-75-5300'),
('16384 East Dominica St.', '2013-06-20', '994-87-4810'),
('88631 East Gardena Way', '2013-06-20', '994-92-1592'),
('88895  Anguilla Ave.', '2013-06-20', '994-94-8549'),
('59701 West Christmas Island Blvd.', '2013-06-21', '995-10-5589'),
('67970  Belarus Ln.', '2013-06-21', '995-15-2007'),
('17956 North Greenfield Ave.', '2013-06-21', '995-25-1312'),
('61816 South Burundi St.', '2013-06-21', '995-36-0305'),
('14814 South Barbados Ct.', '2013-06-21', '995-41-9819'),
('27108  Bradford Ct.', '2013-06-21', '995-45-6457'),
('79348 East Fallon Blvd.', '2013-06-21', '995-59-6516'),
('60599  Newburgh Way', '2013-06-21', '995-60-3921'),
('86337 East Asbury Park Ave.', '2013-06-21', '995-77-1404'),
('18522 East Cayman Islands Ct.', '2013-06-21', '995-80-0245'),
('84123 West Nepal Blvd.', '2013-06-22', '996-09-3833'),
('64983 South Kiribati Way', '2013-06-22', '996-27-4474'),
('83697 South Switzerland Ct.', '2013-06-22', '996-37-0541'),
('6547 South Crown Point Blvd.', '2013-06-22', '996-37-9061'),
('54308 North Senegal Ave.', '2013-06-22', '996-53-2154'),
('49890  Oneonta Ct.', '2013-06-22', '996-59-8553'),
('90456 West Billings St.', '2013-06-22', '996-67-8936'),
('62928 South Port Huron Blvd.', '2013-06-22', '996-68-2870'),
('29506 North Barbados Blvd.', '2013-06-22', '996-68-4550'),
('65397 North Sri Lanka Ct.', '2013-06-22', '996-72-0743'),
('8754 East Cook Islands Ln.', '2013-06-23', '996-77-0606'),
('22329 West Kenner Ave.', '2013-06-23', '996-78-1465'),
('27993 East Brookings Way', '2013-06-23', '996-78-9569'),
('37272 West Chad Ln.', '2013-06-23', '996-79-1053'),
('33046 North Austria Ave.', '2013-06-23', '996-98-0922'),
('53622 East Kearney Ln.', '2013-06-23', '997-04-6454'),
('16412 East French Guiana Ct.', '2013-06-23', '997-09-3584'),
('84631 South Antigua and Barbuda Ave.', '2013-06-23', '997-11-1517'),
('94897 West Central African Republic Ave.', '2013-06-23', '997-19-7879'),
('77897  Chino Hills Ct.', '2013-06-23', '997-29-8023'),
('77240 West Cambodia Ave.', '2013-06-23', '997-43-0785'),
('36682 North Bhutan Ln.', '2013-06-24', '997-44-7545'),
('68731 South Boulder City Blvd.', '2013-06-24', '997-49-8027'),
('87870 East American Samoa Ave.', '2013-06-24', '997-49-9130'),
('65305 West Afghanistan Ave.', '2013-06-24', '997-63-4705'),
('36184 East Christmas Island Ave.', '2013-06-24', '997-75-8298'),
('56173  Fiji Blvd.', '2013-06-24', '997-84-7749'),
('93981 South Bhutan Ln.', '2013-06-24', '998-01-5173'),
('95719 East Nanticoke Way', '2013-06-24', '998-07-0854'),
('4683 South Anaheim St.', '2013-06-24', '998-46-2321'),
('92213  British Indian Ocean Territory Ct.', '2013-06-24', '998-76-3595'),
('24026 West Mauritius Blvd.', '2013-06-25', '998-77-6977'),
('37725 East Tonga Ave.', '2013-06-25', '998-87-7276'),
('20833 North Grand Forks Ln.', '2013-06-25', '998-94-4023'),
('33098 East Grafton St.', '2013-06-25', '999-05-6484'),
('10098 North Botswana St.', '2013-06-25', '999-25-6973'),
('2342  British Indian Ocean Territory Ave.', '2013-06-25', '999-53-0646'),
('55363 North Elko Way', '2013-06-25', '999-62-2181'),
('70988 South Armenia Way', '2013-06-25', '999-74-8651'),
('92399 South Bermuda Ln.', '2013-06-25', '999-83-8425'),
('6116 West Bahamas Ave.', '2013-06-25', '999-86-0822'),
('44340 North United States Minor Outlying Islands St.', '2013-06-25', '999-96-2893');

-- --------------------------------------------------------

--
-- Estrutura da tabela `email`
--

CREATE TABLE IF NOT EXISTS `email` (
  `IdEmail` int(11) NOT NULL AUTO_INCREMENT,
  `Email` varchar(90) NOT NULL,
  `CPF` varchar(11) NOT NULL,
  PRIMARY KEY (`IdEmail`),
  KEY `fk_Email_Cliente1_idx` (`CPF`)
) ENGINE=InnoDB  DEFAULT CHARSET=latin1 AUTO_INCREMENT=10579 ;

--
-- Extraindo dados da tabela `email`
--

INSERT INTO `email` (`IdEmail`, `Email`, `CPF`) VALUES
(291, 'Riley@dui.net', '985-47-3998'),
(394, 'Idola@sit.net', '999-05-6484'),
(463, 'Tad@pede.com', '987-68-4699'),
(479, 'Vaughan@viverra.net', '992-40-4505'),
(634, 'Fulton@venenatis.edu', '997-29-8023'),
(736, 'Emerson@Fusce.net', '983-62-0322'),
(802, 'Daquan@tempor.us', '986-33-5796'),
(820, 'Clayton@neque.us', '998-76-3595'),
(908, 'Daquan@purus.org', '996-27-4474'),
(1022, 'Ishmael@In.gov', '986-48-2165'),
(1064, 'Kyle@primis.com', '985-28-0087'),
(1237, 'Griffin@aptent.gov', '994-01-2595'),
(1255, 'Skyler@tellus.net', '992-16-9888'),
(1336, 'Keith@Etiam.com', '999-74-8651'),
(1341, 'Breanna@parturient.net', '989-33-7114'),
(1427, 'Hanae@turpis.us', '994-35-4180'),
(1499, 'Keelie@tortor.gov', '998-76-3595'),
(1537, 'Deirdre@mus.com', '994-75-5300'),
(1612, 'Gail@sed.org', '987-54-3299'),
(1637, 'Xyla@tempus.net', '986-31-3786'),
(1761, 'Mallory@nunc.edu', '987-72-3194'),
(1768, 'Colorado@euismod.gov', '989-69-2110'),
(1794, 'Lacey@tempor.org', '996-72-0743'),
(1879, 'Xenos@neque.com', '997-29-8023'),
(1883, 'Duncan@rhoncus.net', '998-77-6977'),
(1904, 'Alvin@ac.edu', '997-63-4705'),
(2024, 'Angelica@porta.org', '981-75-6841'),
(2025, 'Hedy@convallis.net', '995-45-6457'),
(2033, 'Adena@primis.com', '989-69-2110'),
(2051, 'Ciaran@Etiam.gov', '994-18-8690'),
(2099, 'Sebastian@sollicitudin.gov', '999-86-0822'),
(2133, 'Dalton@sed.net', '987-86-0921'),
(2191, 'Allen@fringilla.edu', '994-35-4180'),
(2231, 'Daquan@morbi.edu', '996-79-1053'),
(2329, 'Ashton@Ut.com', '992-40-4505'),
(2335, 'Kibo@Nunc.us', '985-28-0087'),
(2456, 'Wayne@ultricies.org', '985-48-8980'),
(2492, 'Halee@id.com', '998-46-2321'),
(2493, 'Barclay@quis.com', '993-31-4503'),
(2545, 'Nelle@quam.gov', '998-01-5173'),
(2617, 'Griffin@tortor.gov', '996-09-3833'),
(2684, 'Nehru@diam.org', '994-94-8549'),
(2741, 'Genevieve@Maecenas.net', '997-84-7749'),
(2771, 'Matthew@rutrum.edu', '992-16-9888'),
(2808, 'Dexter@ultricies.org', '987-21-0746'),
(2823, 'Herrod@turpis.gov', '996-59-8553'),
(2830, 'Cathleen@nunc.us', '987-54-3299'),
(2896, 'Warren@ac.org', '985-53-4002'),
(2919, 'Burton@posuere.net', '981-86-7000'),
(2935, 'Karen@adipiscing.us', '996-09-3833'),
(3074, 'Dennis@vel.org', '984-83-7979'),
(3111, 'Wyoming@convallis.com', '990-01-4538'),
(3118, 'Nasim@condimentum.net', '996-68-2870'),
(3137, 'Florence@ipsum.net', '998-07-0854'),
(3160, 'Sacha@gravida.com', '981-81-2788'),
(3194, 'Ann@fringilla.net', '983-47-9103'),
(3364, 'Cheryl@leo.com', '991-93-1835'),
(3366, 'Haley@in.org', '990-97-1367'),
(3423, 'Bryar@ut.edu', '982-86-8667'),
(3436, 'Lydia@accumsan.com', '999-86-0822'),
(3498, 'Dale@parturient.org', '987-10-2493'),
(3559, 'Lester@vehicula.us', '985-51-2335'),
(3624, 'Adele@nulla.us', '991-12-0127'),
(3637, 'Clark@lectus.com', '983-47-9103'),
(3661, 'Avram@turpis.us', '984-59-3233'),
(3702, 'Moses@odio.org', '997-11-1517'),
(3745, 'Adrienne@nascetur.net', '997-43-0785'),
(3959, 'Isabella@pede.edu', '994-34-1151'),
(4241, 'Aurelia@Nunc.gov', '990-42-1848'),
(4270, 'Kylie@ornare.gov', '993-76-0707'),
(4298, 'Dominic@Praesent.net', '992-23-6102'),
(4328, 'Norman@iaculis.gov', '998-94-4023'),
(4357, 'Leandra@lacus.com', '996-98-0922'),
(4374, 'Gregory@Maecenas.com', '981-81-2788'),
(4408, 'Alan@lectus.org', '988-24-7508'),
(4456, 'Chiquita@fringilla.gov', '994-94-8549'),
(4600, 'Dalton@ac.gov', '981-86-7000'),
(4643, 'Destiny@porta.org', '990-44-7032'),
(4704, 'Beck@faucibus.gov', '994-71-1094'),
(4757, 'Kiayada@conubia.org', '996-68-2870'),
(4768, 'Willow@suscipit.edu', '990-86-1674'),
(4900, 'Rudyard@ipsum.com', '998-46-2321'),
(4939, 'Gretchen@imperdiet.net', '984-83-7979'),
(4959, 'Joan@lectus.net', '997-11-1517'),
(5000, 'Damon@ullamcorper.edu', '995-41-9819'),
(5006, 'Neil@leo.gov', '986-91-8180'),
(5009, 'Kaye@sem.us', '985-32-0420'),
(5153, 'Pascale@ridiculus.gov', '986-11-1509'),
(5166, 'Ira@cubilia.edu', '982-86-8667'),
(5213, 'Xena@congue.gov', '996-68-4550'),
(5235, 'Elliott@lorem.com', '992-40-4505'),
(5243, 'Victoria@sed.gov', '998-46-2321'),
(5268, 'Hanna@id.org', '987-10-2493'),
(5510, 'Chaney@aliquet.us', '997-19-7879'),
(5605, 'George@tempor.gov', '989-01-7075'),
(5631, 'Guy@mi.us', '997-44-7545'),
(5699, 'Shoshana@nisi.us', '987-21-0746'),
(5714, 'Marshall@consequat.com', '996-78-1465'),
(5800, 'Brent@Phasellus.net', '985-47-3998'),
(5914, 'Kay@cursus.gov', '983-01-9550'),
(5953, 'Nicholas@nec.us', '990-42-1848'),
(6020, 'Hayes@ornare.org', '992-22-1704'),
(6173, 'Devin@Nam.com', '991-93-1835'),
(6264, 'Beverly@auctor.net', '998-46-2321'),
(6310, 'Nina@ullamcorper.gov', '996-77-0606'),
(6401, 'Bryar@justo.org', '986-31-3786'),
(6415, 'Palmer@mattis.net', '998-07-0854'),
(6468, 'Sybill@cubilia.org', '994-92-1592'),
(6558, 'Stewart@dolor.com', '997-49-9130'),
(6640, 'Briar@Integer.us', '994-18-8690'),
(6650, 'Conan@sodales.us', '993-86-1317'),
(6692, 'Ivor@mi.com', '999-83-8425'),
(6743, 'Janna@penatibus.us', '990-05-2008'),
(6826, 'Morgan@facilisi.us', '998-94-4023'),
(6872, 'Adam@torquent.net', '996-78-1465'),
(6969, 'Zane@morbi.org', '992-40-4505'),
(7026, 'Josiah@arcu.edu', '999-83-8425'),
(7120, 'Madeline@velit.gov', '992-15-9310'),
(7224, 'Ursula@Ut.edu', '996-77-0606'),
(7314, 'Chaney@porta.gov', '983-92-2844'),
(7388, 'Alden@felis.us', '992-87-7577'),
(7576, 'Joseph@tortor.gov', '983-58-5122'),
(7714, 'Malachi@interdum.com', '993-41-5899'),
(7740, 'Troy@eget.com', '992-40-4505'),
(7762, 'Anthony@magna.net', '998-77-6977'),
(7770, 'Kyla@odio.gov', '991-93-1835'),
(7848, 'Patience@Morbi.gov', '987-01-6827'),
(7870, 'Judith@Curabitur.edu', '991-12-0127'),
(7877, 'Yardley@volutpat.gov', '985-33-2385'),
(7997, 'Ashely@magna.net', '994-18-8690'),
(8018, 'Lillian@litora.net', '996-72-0743'),
(8198, 'Jerome@penatibus.org', '990-01-4538'),
(8336, 'Vivien@mollis.com', '994-34-1151'),
(8360, 'Cassandra@dapibus.edu', '989-01-7075'),
(8409, 'Lesley@lectus.edu', '985-42-8125'),
(8442, 'Iris@varius.org', '982-97-4674'),
(8491, 'Gail@Curabitur.com', '984-52-9811'),
(8512, 'Astra@enim.org', '996-78-9569'),
(8523, 'Driscoll@Aliquam.net', '983-98-5942'),
(8693, 'Patience@Quisque.net', '995-36-0305'),
(8704, 'Hector@porta.net', '999-74-8651'),
(8838, 'Giselle@Cum.org', '995-36-0305'),
(9003, 'Angela@Praesent.gov', '995-15-2007'),
(9152, 'Acton@Cum.us', '996-27-4474'),
(9163, 'Astra@mus.net', '994-87-4810'),
(9187, 'Paki@blandit.us', '997-84-7749'),
(9367, 'Florence@morbi.edu', '981-86-7000'),
(9482, 'Hilda@mus.org', '999-62-2181'),
(9631, 'Brenden@Suspendisse.us', '985-32-0420'),
(9683, 'Boris@habitant.gov', '995-45-6457'),
(9689, 'Keaton@velit.com', '982-43-8572'),
(9711, 'Octavius@Class.us', '999-62-2181'),
(9735, 'Alexis@Vivamus.net', '994-87-4810'),
(9785, 'Vera@netus.gov', '993-41-5899'),
(9917, 'Adele@volutpat.us', '984-59-7668'),
(10146, 'Flynn@In.us', '998-94-4023'),
(10217, 'Raya@magna.org', '997-19-7879'),
(10323, 'Griffin@habitant.net', '985-48-8980'),
(10523, 'Hedwig@viverra.us', '996-53-2154');

-- --------------------------------------------------------

--
-- Estrutura da tabela `funcionario`
--

CREATE TABLE IF NOT EXISTS `funcionario` (
  `CPF` varchar(11) NOT NULL,
  `Funcao` varchar(45) NOT NULL,
  `Salario` decimal(10,2) NOT NULL,
  `DataAdminissao` date NOT NULL,
  PRIMARY KEY (`CPF`)
) ENGINE=InnoDB DEFAULT CHARSET=latin1;

--
-- Extraindo dados da tabela `funcionario`
--

INSERT INTO `funcionario` (`CPF`, `Funcao`, `Salario`, `DataAdminissao`) VALUES
('002-51-5285', 'Atendente', 1800.00, '2011-01-23'),
('002-51-8767', 'Atendente', 2100.00, '2011-01-23'),
('002-55-6370', 'Atendente', 2100.00, '2011-01-23'),
('002-58-6578', 'Atendente', 1800.00, '2011-01-23'),
('002-75-8140', 'Atendente', 1800.00, '2011-01-23'),
('002-85-3614', 'Atendente', 2300.00, '2011-01-23'),
('003-08-2183', 'Atendente', 1800.00, '2011-01-23'),
('003-32-7356', 'Atendente', 1500.00, '2011-10-02'),
('003-35-6271', 'Atendente', 1500.00, '2011-10-02'),
('003-42-7502', 'Atendente', 1500.00, '2011-10-02'),
('003-54-1279', 'Banhista/Tosador', 1300.00, '2011-01-23'),
('003-82-5814', 'Banhista/Tosador', 1300.00, '2011-01-23'),
('003-92-5213', 'Banhista/Tosador', 1300.00, '2011-01-23'),
('004-04-7208', 'Banhista/Tosador', 1500.00, '2011-01-23'),
('004-04-7593', 'Banhista/Tosador', 1600.00, '2011-01-23'),
('004-26-2948', 'Banhista/Tosador', 1300.00, '2011-01-23'),
('004-70-8460', 'Banhista/Tosador', 1300.00, '2011-01-23'),
('004-78-1552', 'Banhista/Tosador', 1300.00, '2011-01-23'),
('004-79-7842', 'Banhista/Tosador', 1600.00, '2011-01-23'),
('004-91-1979', 'Banhista/Tosador', 1800.00, '2011-01-23'),
('004-97-9965', 'Banhista/Tosador', 2000.00, '2011-01-23'),
('005-05-9123', 'Banhista/Tosador', 1300.00, '2011-01-23'),
('005-15-7266', 'Banhista/Tosador', 1300.00, '2011-01-23'),
('005-16-3806', 'Banhista/Tosador', 1300.00, '2011-01-23'),
('005-19-1660', 'Banhista/Tosador', 1300.00, '2011-10-02'),
('005-59-0490', 'Banhista/Tosador', 1500.00, '2011-10-02'),
('005-64-7272', 'Veterinário', 3000.00, '2011-01-23'),
('005-68-4518', 'Veterinário', 3000.00, '2011-01-23'),
('005-69-3146', 'Veterinário', 3500.00, '2011-01-23'),
('005-73-7817', 'Veterinário', 3600.00, '2011-01-23'),
('005-74-2148', 'Veterinário', 3800.00, '2011-01-23'),
('005-74-3833', 'Veterinário', 3500.00, '2011-10-02'),
('005-91-0445', 'Veterinário', 3600.00, '2011-10-02');

-- --------------------------------------------------------

--
-- Estrutura da tabela `pessoa`
--

CREATE TABLE IF NOT EXISTS `pessoa` (
  `CPF` varchar(11) NOT NULL,
  `Senha` varchar(8) NOT NULL,
  `PNome` varchar(60) NOT NULL,
  `UNome` varchar(60) NOT NULL,
  PRIMARY KEY (`CPF`)
) ENGINE=InnoDB DEFAULT CHARSET=latin1;

--
-- Extraindo dados da tabela `pessoa`
--

INSERT INTO `pessoa` (`CPF`, `Senha`, `PNome`, `UNome`) VALUES
('002-51-5285', '1234', 'Justine', 'Patel'),
('002-51-8767', 'SWGnU8tl', 'Ramona', 'Rivera'),
('002-55-6370', 'yf4zv9fs', 'Uriah', 'Daniel'),
('002-58-6578', 'P4YXrRs3', 'Linus', 'Wilkerson'),
('002-75-8140', '99RHGXxu', 'Keelie', 'Ross'),
('002-85-3614', 'Sj8CMsc5', 'Alexander', 'Macdonald'),
('003-08-2183', 's3v4RPeD', 'Cedric', 'Mcintyre'),
('003-32-7356', 'oNjssUwW', 'Nichole', 'Hickman'),
('003-35-6271', 'n30TxlfW', 'Raya', 'Benjamin'),
('003-42-7502', 'fquDlmNm', 'Kasper', 'Strong'),
('003-54-1279', 'zFnzBZbl', 'Gavin', 'Bolton'),
('003-82-5814', 'UY74BPju', 'Reed', 'Miles'),
('003-92-5213', '1yI3GbRq', 'Joseph', 'Hunt'),
('004-04-7208', 'mzDD74Eu', 'Nathaniel', 'Atkins'),
('004-04-7593', 'p3g67XSK', 'Jade', 'Wallace'),
('004-26-2948', 'hz2bR1bY', 'Damian', 'Tran'),
('004-70-8460', 'kgBJDon7', 'Gage', 'Church'),
('004-78-1552', 'HfNQ4xFV', 'Aphrodite', 'Wilder'),
('004-79-7842', 'gJYpRtDo', 'Suki', 'Barlow'),
('004-91-1979', 'llsJKWoQ', 'Blossom', 'Reynolds'),
('004-97-9965', '5pj4HVSN', 'Freya', 'Carroll'),
('005-05-9123', 'pfy3d1yq', 'Aiko', 'Brewer'),
('005-15-7266', '5WMQCwJ8', 'Magee', 'Kelly'),
('005-16-3806', 'BYiKUctd', 'Mari', 'Patel'),
('005-19-1660', 'WkvJoI5H', 'Lara', 'Hinton'),
('005-59-0490', 'kPDciV3m', 'Ralph', 'Knowles'),
('005-64-7272', 'WENtyDrR', 'Quyn', 'Wall'),
('005-68-4518', '3a1GDQAO', 'Marvin', 'Herman'),
('005-69-3146', 'QEICHb7t', 'Jena', 'Ford'),
('005-73-7817', 'ROKJLtVB', 'Stephen', 'Berg'),
('005-74-2148', 'U0xDLnCs', 'Irene', 'Mendoza'),
('005-74-3833', 'wQOALlqk', 'Vaughan', 'Mann'),
('005-91-0445', 'Pt31R9nS', 'Jolie', 'Campos'),
('401-27-3212', '1234', 'Deborah', 'Casey'),
('981-75-6841', 'VNJ1bZWB', 'Kenyon', 'Durham'),
('981-81-2788', 'C7L3HgYR', 'Elton', 'Reynolds'),
('981-86-7000', '1tq0mZx5', 'Kevin', 'Mcdonald'),
('982-10-0496', 'oWqdVTRE', 'Jemima', 'Moore'),
('982-21-4502', 'o4on6sMS', 'Dominique', 'Oliver'),
('982-43-8572', 'sTJd77WO', 'Alexa', 'Bryant'),
('982-83-3289', 'nujzh6Wp', 'Audra', 'Rodgers'),
('982-86-8667', 'vAYyie2F', 'Ethan', 'Guthrie'),
('982-97-4674', 'HEslxZwA', 'Dante', 'Booker'),
('983-01-9550', 'jNR15129', 'Ramona', 'Steele'),
('983-17-5659', 'eYmeY1aZ', 'Nora', 'Brock'),
('983-18-2454', 'u5bylbZe', 'Ina', 'Avery'),
('983-47-9103', 'dGpVTm2w', 'Aaron', 'Wong'),
('983-58-5122', 'fO5icySD', 'Amir', 'Delaney'),
('983-62-0322', '6dtHNo1E', 'Aurelia', 'Zamora'),
('983-71-2262', 'id9HlONJ', 'Xena', 'Tate'),
('983-92-2844', 'nIwiVvF5', 'Nissim', 'Pugh'),
('983-98-5942', 'QYKeiI38', 'Mufutau', 'Pittman'),
('984-09-3174', 'tg7EwonV', 'Stephen', 'Osborne'),
('984-31-3570', 'J1iMsiwq', 'Dennis', 'Malone'),
('984-34-2782', 'rTtcRtyc', 'Eliana', 'Leblanc'),
('984-36-7254', 'mDF7cCgA', 'Clio', 'Michael'),
('984-46-3093', 'BUt4tgaA', 'Ivory', 'Hensley'),
('984-52-9811', 'rOcqDbKa', 'Beau', 'Campbell'),
('984-59-3233', 'MQb4MN3s', 'Liberty', 'Obrien'),
('984-59-7668', 'Y82EXy7a', 'Germane', 'Sharp'),
('984-71-1477', 'jm2KicSq', 'Warren', 'Cameron'),
('984-83-7979', 'gQKT4pOV', 'Brandon', 'Mendez'),
('985-28-0087', 'ffZYsM7l', 'Declan', 'Estrada'),
('985-32-0420', '94AkcxPQ', 'Amena', 'Green'),
('985-32-6656', 'GHEb43Yv', 'Andrew', 'Peck'),
('985-33-2385', 'Th7Llwtc', 'Farrah', 'Barrera'),
('985-42-8125', 'gPQ64qJa', 'Rogan', 'Morin'),
('985-47-3998', 'R2x0lmkJ', 'Armand', 'Zimmerman'),
('985-48-8980', 'Kjx3xWLY', 'Maggie', 'Matthews'),
('985-51-2335', 'FzrjWGLD', 'Kelsie', 'Langley'),
('985-53-4002', 'wAHXSCsS', 'Ian', 'Kelly'),
('985-64-2800', 'sYR2X31s', 'Inez', 'Hancock'),
('986-11-1509', 'EW8H7efj', 'Destiny', 'Mendez'),
('986-31-3786', 'I8ZRPQjY', 'Nina', 'Gay'),
('986-33-5796', 'C1JvZGdm', 'Hunter', 'Rogers'),
('986-41-3540', 'QEW7C6PQ', 'Bertha', 'Fowler'),
('986-48-2165', 'Rq0YNlzM', 'Celeste', 'Garrison'),
('986-67-8403', 'PHxqCOF0', 'Courtney', 'Duffy'),
('986-91-8180', 'RDplcfYg', 'Isaiah', 'Ortiz'),
('987-01-6827', 'pap9Y1GY', 'Wyatt', 'Horne'),
('987-10-2493', 'qQpGMQQN', 'Kitra', 'Cain'),
('987-21-0746', 'L6rlLoeO', 'Emma', 'Reyes'),
('987-52-6568', 'EYpqF2Y1', 'Giacomo', 'Boyer'),
('987-54-3299', 'EPZrmRwA', 'Lucius', 'Lamb'),
('987-68-4699', 'nmHaeWaG', 'Cooper', 'Merritt'),
('987-72-3194', 'aqmG7w1u', 'John', 'Snow'),
('987-86-0921', 'O67hWghL', 'Hannah', 'Calderon'),
('988-10-0868', 'WnaFku6L', 'Gisela', 'Sims'),
('988-19-8908', 'iLyHhosy', 'Delilah', 'Goodman'),
('988-24-7508', '1sKqMFD6', 'Rachel', 'Patterson'),
('988-34-3247', 'wNjgGjUw', 'Addison', 'Day'),
('988-49-2741', 'FTK3VxoU', 'Ava', 'Sears'),
('988-87-2950', 'ijaez15r', 'Alvin', 'Wells'),
('988-99-1632', 'lQ9RgO2J', 'Ciara', 'Cotton'),
('989-01-7075', 'MVUTl3cQ', 'Shoshana', 'Pugh'),
('989-24-4123', 'jP8SgZWq', 'Burton', 'Holman'),
('989-33-7114', 'VI3ZFLjf', 'Amy', 'Holland'),
('989-65-4591', 'qpMSjLdL', 'Macon', 'Cervantes'),
('989-69-2110', 'NPRFEZNs', 'Aimee', 'Nielsen'),
('989-98-5378', 'onZO4Nn8', 'Rogan', 'Kent'),
('990-01-4538', 'bJb425Bs', 'Ross', 'Richardson'),
('990-05-2008', 'M1MYCrw7', 'Kibo', 'Benson'),
('990-42-1848', 'dRTycHME', 'Tad', 'Ross'),
('990-44-7032', '2jw7P40E', 'Iona', 'Doyle'),
('990-60-2970', 'mp5IDO3A', 'Vaughan', 'Burke'),
('990-86-1674', 'ilIAZTHy', 'Bryar', 'Adams'),
('990-97-1367', 'YZ6b2TQ0', 'Isaiah', 'Allen'),
('991-04-5345', 'J7eqMz3T', 'Iliana', 'Deleon'),
('991-12-0127', 'ED7i3fon', 'William', 'Beard'),
('991-27-3557', '50Lg9T5b', 'Colleen', 'Savage'),
('991-33-7648', '0vSoB5ZW', 'Leila', 'Buckner'),
('991-34-6011', 'JcC6qLX6', 'Dennis', 'Cochran'),
('991-61-9781', 'aZi9XFnN', 'Abbot', 'Gillespie'),
('991-93-1835', 'RQ1WOy6F', 'Akeem', 'Burris'),
('992-15-9310', 'lAtCRrSR', 'Samantha', 'Cohen'),
('992-16-9888', 'M62mnKSm', 'Cole', 'Sykes'),
('992-22-1704', 'fsJMDnBS', 'Rina', 'Mueller'),
('992-23-6102', 'S3KkDxS9', 'Hall', 'Durham'),
('992-40-4505', 'ljupkTrP', 'Tyler', 'Sawyer'),
('992-43-5950', 'mYD6mUGX', 'Amber', 'Ellison'),
('992-46-0322', 'nIu6Re2q', 'Grady', 'Livingston'),
('992-82-7173', 'K2KnhzJm', 'Maia', 'Shaw'),
('992-87-7577', 'W1Tk5lTB', 'Fredericka', 'Morse'),
('992-95-4020', 'yic9vjf1', 'Bianca', 'Landry'),
('993-31-4503', 'Npaj4BFq', 'Jamalia', 'Chapman'),
('993-32-4995', 'TznV27HK', 'Alfonso', 'Montgomery'),
('993-41-5899', 'SNlQQkV2', 'Brian', 'Francis'),
('993-68-8454', 'XMFrX7b0', 'Declan', 'Rosa'),
('993-76-0707', 'Kr5A7HgL', 'Alice', 'Sanders'),
('993-86-1317', 'HwwgLKf4', 'Gage', 'Romero'),
('994-01-2595', 'Q8NzM6mD', 'Rama', 'Molina'),
('994-18-8690', 'uTeZ6NxL', 'Cailin', 'Lawrence'),
('994-34-1151', 'q8nQxssW', 'Cassandra', 'Moss'),
('994-35-4180', 'xR02ctrG', 'Shad', 'Bruce'),
('994-63-2676', 'YoIIrAqk', 'Kaitlin', 'Carey'),
('994-71-1094', 'QkPn7QMt', 'Serina', 'Justice'),
('994-75-5300', '9xjYAl4Y', 'Stephen', 'Hartman'),
('994-87-4810', 'Zq056fDR', 'Florence', 'Maynard'),
('994-92-1592', '6V7i69bv', 'Ina', 'Solomon'),
('994-94-8549', '57YKnMms', 'Owen', 'King'),
('995-10-5589', '4QN0spjX', 'Ivan', 'Holder'),
('995-15-2007', 'un2BSsAS', 'Tanisha', 'Lawson'),
('995-25-1312', 'iirKkkev', 'Keaton', 'Baird'),
('995-36-0305', 'sUvQge1b', 'Drake', 'Craft'),
('995-41-9819', 'HxmBbefx', 'Daquan', 'Lester'),
('995-45-6457', 'MQRbrIas', 'Talon', 'Gross'),
('995-59-6516', '0pYboC9x', 'Nerea', 'Bishop'),
('995-60-3921', 'GwRd86A9', 'Hiram', 'Hicks'),
('995-77-1404', 'Ycu9ijWC', 'Caryn', 'Lang'),
('995-80-0245', 'qbbUtFbA', 'Avye', 'Key'),
('996-09-3833', '9zgpdDPo', 'Francesca', 'Frazier'),
('996-27-4474', '4hT1Nnjg', 'Kirk', 'Rivera'),
('996-37-0541', 'rDYUpF71', 'Stephanie', 'Ayala'),
('996-37-9061', '4ldGhfh2', 'Alden', 'Osborne'),
('996-53-2154', 'kSsDlR0F', 'Kevyn', 'Russell'),
('996-59-8553', 'y5yHYGGR', 'Garrison', 'Kane'),
('996-67-8936', 'SrVSAehs', 'Farrah', 'Lancaster'),
('996-68-2870', '5GvJBO59', 'Alyssa', 'Head'),
('996-68-4550', 'BTbOFPnW', 'Gemma', 'Sykes'),
('996-72-0743', 'H5mPJxag', 'Laura', 'Mcgowan'),
('996-77-0606', 'xoGzk2V4', 'Jaden', 'Ramirez'),
('996-78-1465', '7qF5xkFO', 'Clinton', 'Vargas'),
('996-78-9569', 'rPQlZG9W', 'Bianca', 'Peterson'),
('996-79-1053', 'qvq5hkK4', 'Teegan', 'Wiley'),
('996-98-0922', 'uRLBKbgO', 'Leila', 'Rogers'),
('997-04-6454', '9vx2Ti5B', 'Josephine', 'Henson'),
('997-09-3584', 'qmbcQ6h4', 'Brody', 'Lee'),
('997-11-1517', '2lLPhvmA', 'Mariam', 'Gutierrez'),
('997-19-7879', 'WNXeot1E', 'Cole', 'Vega'),
('997-29-8023', 'fJMtIlIw', 'Zelda', 'Dickerson'),
('997-43-0785', 'kyhLrH2H', 'Chelsea', 'Alford'),
('997-44-7545', 'fUvDOExw', 'Abdul', 'Albert'),
('997-49-8027', 'sYeLv7J0', 'Hyatt', 'Frederick'),
('997-49-9130', 'uWR9plhN', 'Jaquelyn', 'Reid'),
('997-63-4705', 'huzCpK6P', 'Jade', 'Crawford'),
('997-75-8298', 'z6MkWSf9', 'Alma', 'Benjamin'),
('997-84-7749', 'dzlu9Erh', 'Aristotle', 'Caldwell'),
('998-01-5173', 'MOTZlkG6', 'Gary', 'Fitzgerald'),
('998-07-0854', 'BM23wE0Q', 'Howard', 'Conway'),
('998-46-2321', 'cA5HivjS', 'Lila', 'Watkins'),
('998-76-3595', '792S2BHS', 'Teagan', 'Giles'),
('998-77-6977', 'Bv3Lukok', 'Marny', 'Francis'),
('998-87-7276', 'j9oM63FO', 'Kitra', 'Benton'),
('998-94-4023', 'xxQNTbqP', 'Larissa', 'Pena'),
('999-05-6484', 'cws9EaMY', 'Lyle', 'Jenkins'),
('999-25-6973', 'Y9TrOvKg', 'Hadley', 'Pearson'),
('999-53-0646', 'YCXrgNDt', 'Paula', 'Vance'),
('999-62-2181', 'BLtJM8ko', 'Ciaran', 'Talley'),
('999-74-8651', 'THW7la3W', 'Wang', 'Berry'),
('999-83-8425', 'I0je5VtA', 'Henry', 'Benjamin'),
('999-86-0822', '9mfPoe1A', 'Burke', 'Foreman'),
('999-96-2893', 'H30McbbT', 'Candace', 'Burgess');

-- --------------------------------------------------------

--
-- Estrutura da tabela `pet`
--

CREATE TABLE IF NOT EXISTS `pet` (
  `IdPet` int(11) NOT NULL AUTO_INCREMENT,
  `Nome` varchar(90) NOT NULL,
  `Raca` varchar(90) NOT NULL,
  `DataNascimento` date NOT NULL,
  `Cao` bit(1) NOT NULL,
  `CPF` varchar(11) DEFAULT NULL,
  PRIMARY KEY (`IdPet`),
  KEY `CPF_idx` (`CPF`)
) ENGINE=InnoDB  DEFAULT CHARSET=latin1 AUTO_INCREMENT=19636 ;

--
-- Extraindo dados da tabela `pet`
--

INSERT INTO `pet` (`IdPet`, `Nome`, `Raca`, `DataNascimento`, `Cao`, `CPF`) VALUES
(4, 'Imogene', 'Chow Chow	', '2003-11-01', '1', '987-01-6827'),
(66, 'Rhoda', 'Pointer Inglês	', '2001-05-01', '1', '995-15-2007'),
(219, 'Imani', 'Mastiff	', '2010-01-01', '1', '995-36-0305'),
(257, 'Anika', 'Collie	', '2003-10-01', '1', '992-87-7577'),
(311, 'Thane', 'Bull Terrier', '2001-12-01', '1', '982-43-8572'),
(358, 'Blaze', 'Rottweiler	', '2007-02-01', '1', '991-27-3557'),
(395, 'Mufutau', 'Bullmastiff	', '2000-12-01', '1', '997-09-3584'),
(456, 'Allegra', 'Beagle	', '2001-10-01', '1', '996-67-8936'),
(528, 'Grace', 'Rottweiler	', '2010-05-01', '1', '992-40-4505'),
(538, 'Ralph', 'Dogue Alemão', '2001-04-01', '1', '998-94-4023'),
(679, 'Shad', 'Dálmata	', '2010-03-01', '1', '982-83-3289'),
(683, 'Stacey', 'Mastiff	', '2011-06-01', '1', '996-77-0606'),
(761, 'Sophia', 'Shar Pei	', '2010-07-01', '1', '989-33-7114'),
(910, 'Stacey', 'Bichon Frisé', '2010-07-01', '1', '994-71-1094'),
(955, 'Anastasia', 'Schnauzer Standard	', '2012-03-01', '1', '989-98-5378'),
(1023, 'Jared', 'Spitz Alemão', '2004-01-01', '1', '982-43-8572'),
(1037, 'Logan', 'Chihuahua	', '2012-01-01', '1', '997-63-4705'),
(1045, 'Raya', 'Golden Retriever	', '2013-05-01', '1', '998-07-0854'),
(1058, 'Jenna', 'Foxhound Inglês	', '2008-08-01', '1', '994-34-1151'),
(1087, 'Quentin', 'Maltês	', '2006-10-01', '1', '985-28-0087'),
(1129, 'Ori', 'Mastiff	', '2004-12-01', '1', '987-01-6827'),
(1135, 'Buckminster', 'Golden Retriever	', '2012-07-01', '1', '999-74-8651'),
(1137, 'Maggie', 'Airedale Terrier	', '2002-10-01', '1', '998-77-6977'),
(1213, 'Anjolie', 'Mastiff	', '2001-07-01', '1', '997-09-3584'),
(1266, 'Frances', 'Basset Hound	', '2004-12-01', '1', '997-29-8023'),
(1281, 'Nissim', 'Staff Bull Terrier	', '2006-09-01', '1', '983-62-0322'),
(1303, 'Moana', 'Golden Retriever	', '2004-06-01', '1', '983-58-5122'),
(1335, 'Damon', 'Bichon Frisé', '2002-05-01', '1', '995-60-3921'),
(1366, 'Leonard', 'Mastino Napoletano	', '2009-12-01', '1', '994-87-4810'),
(1415, 'Armand', 'Fox Terrier Pelo Liso', '2013-01-01', '1', '986-41-3540'),
(1487, 'Bertha', 'Fila Brasileiro	', '2006-06-01', '1', '991-33-7648'),
(1529, 'Jena', 'Fox Terrier Pelo Liso', '2010-07-01', '1', '986-41-3540'),
(1537, 'Rhonda', 'Spitz Alemão', '2008-07-01', '1', '985-48-8980'),
(1575, 'Eugenia', 'Pinscher', '2009-12-01', '1', '995-36-0305'),
(1597, 'Maia', 'Shar Pei	', '2004-06-01', '1', '988-10-0868'),
(1626, 'Leroy', 'Dálmata	', '2013-05-01', '1', '986-33-5796'),
(1867, 'Meghan', 'Mastiff	', '2007-06-01', '1', '983-01-9550'),
(1886, 'Rafael', 'Husky Siberiano	', '2002-02-01', '1', '984-59-3233'),
(1895, 'Clio', 'Afghan Hound	', '2007-10-01', '1', '985-32-0420'),
(1911, 'Zachary', 'Mastiff	', '2008-05-01', '1', '998-77-6977'),
(1977, 'Olympia', 'Bulldog	', '2006-02-01', '1', '999-86-0822'),
(2163, 'Maris', 'Dálmata	', '2012-02-01', '1', '984-34-2782'),
(2346, 'Thane', 'Bichon Frisé', '2006-09-01', '1', '983-92-2844'),
(2401, 'James', 'Schnauzer Gigante	', '2001-06-01', '1', '985-32-6656'),
(2423, 'Garth', 'Schnauzer Miniatura	', '2000-07-01', '1', '991-04-5345'),
(2457, 'Quinn', 'São Bernardo', '2010-06-01', '1', '981-81-2788'),
(2462, 'Abel', 'Afghan Hound	', '2007-09-01', '1', '997-49-9130'),
(2472, 'Ann', 'Bull Terrier', '2004-04-01', '1', '984-59-7668'),
(2569, 'Illana', 'Beagle	', '2007-11-01', '1', '985-64-2800'),
(2660, 'Whilemina', 'Husky Siberiano	', '2006-06-01', '1', '994-34-1151'),
(2821, 'Alec', 'Pastor Alemão	', '2003-11-01', '1', '989-98-5378'),
(2827, 'Macy', 'Golden Retriever	', '2005-09-01', '1', '982-83-3289'),
(2833, 'Lamar', 'Bichon Frisé', '2010-11-01', '1', '984-09-3174'),
(2835, 'Rogan', 'Afghan Hound	', '2009-09-01', '1', '996-78-1465'),
(2860, 'Curran', 'Cocker Americano	', '2012-10-01', '1', '996-79-1053'),
(2940, 'Alexis', 'American Pitbull	', '2003-03-01', '1', '987-68-4699'),
(3030, 'Marshall', 'Bulldog	', '2002-01-01', '1', '996-68-4550'),
(3093, 'Jaden', 'Schnauzer Miniatura	', '2013-01-01', '1', '992-43-5950'),
(3125, 'Hammett', 'Husky Siberiano	', '2012-10-01', '1', '997-29-8023'),
(3207, 'Vladimir', 'Dogue Alemão', '2005-09-01', '1', '982-43-8572'),
(3210, 'Fritz', 'Chihuahua	', '2001-04-01', '1', '997-19-7879'),
(3229, 'Felicia', 'Teckel	', '2002-02-01', '1', '992-22-1704'),
(3269, 'Aladdin', 'Shih Tzu	', '2002-02-01', '1', '992-87-7577'),
(3348, 'Robert', 'Beagle	', '2001-12-01', '1', '989-24-4123'),
(3383, 'Ryan', 'Pointer Inglês	', '2012-03-01', '1', '999-96-2893'),
(3467, 'Eagan', 'Terrier Brasileiro	', '2004-01-01', '1', '982-21-4502'),
(3520, 'Kirk', 'São Bernardo', '2010-01-01', '1', '986-33-5796'),
(3603, 'Stone', 'Akita Inu', '2000-07-01', '1', '401-27-3212'),
(3632, 'Timon', 'Setter Irlandês	', '2003-03-01', '1', '996-77-0606'),
(3794, 'John', 'Dobermann	', '2010-10-01', '1', '995-36-0305'),
(3862, 'Cameron', 'Beagle	', '2000-03-01', '1', '982-97-4674'),
(3885, 'Echo', 'Collie	', '2000-01-01', '1', '992-43-5950'),
(3928, 'Dylan', 'Akita Americano	', '2011-03-01', '1', '989-24-4123'),
(3930, 'Gretchen', 'Dálmata	', '2006-01-01', '1', '986-41-3540'),
(3980, 'Althea', 'O. E. Sheepdog', '2011-06-01', '1', '983-47-9103'),
(4034, 'Jamal', 'Dobermann	', '2007-04-01', '1', '989-65-4591'),
(4069, 'Devin', 'Schnauzer Standard	', '2005-02-01', '1', '988-87-2950'),
(4103, 'Rina', 'Labrador	', '2003-03-01', '1', '995-41-9819'),
(4156, 'Rhiannon', 'Setter Inglês', '2001-09-01', '1', '982-83-3289'),
(4171, 'Brent', 'Poodle	', '2004-07-01', '1', '991-34-6011'),
(4172, 'Porter', 'Bullmastiff	', '2011-10-01', '1', '986-48-2165'),
(4280, 'Phyllis', 'Bullmastiff	', '2000-02-01', '1', '994-75-5300'),
(4343, 'Barrett', 'Foxhound Inglês	', '2011-01-01', '1', '997-43-0785'),
(4429, 'Kylee', 'Cocker Americano	', '2007-07-01', '1', '996-79-1053'),
(4451, 'Gannon', 'São Bernardo', '2010-03-01', '1', '988-19-8908'),
(4462, 'Hollee', 'Boxer	', '2008-05-01', '1', '988-99-1632'),
(4489, 'Teagan', 'Staff Bull Terrier	', '2010-10-01', '1', '997-63-4705'),
(4510, 'Echo', 'Fila Brasileiro	', '2010-04-01', '1', '992-82-7173'),
(4753, 'Elton', 'Schnauzer Gigante	', '2005-04-01', '1', '991-93-1835'),
(4757, 'Hanna', 'Mastino Napoletano	', '2004-11-01', '1', '997-84-7749'),
(4816, 'Dai', 'Pequinês	', '2003-01-01', '1', '996-67-8936'),
(4832, 'Yael', 'Husky Siberiano	', '2008-09-01', '1', '988-87-2950'),
(4872, 'Zia', 'Lhasa Apso', '2009-06-01', '1', '997-84-7749'),
(4978, 'Katell', 'Schnauzer Gigante	', '2005-06-01', '1', '990-86-1674'),
(5106, 'Christopher', 'Rottweiler	', '2004-04-01', '1', '988-49-2741'),
(5148, 'Nicole', 'Akita Americano	', '2006-12-01', '1', '994-01-2595'),
(5154, 'Demetrius', 'Schnauzer Standard	', '2012-03-01', '1', '995-80-0245'),
(5305, 'Kyra', 'American Pitbull	', '2010-09-01', '1', '993-68-8454'),
(5415, 'Germane', 'Pointer Inglês	', '2007-04-01', '1', '993-41-5899'),
(5703, 'Boris', 'Pastor Alemão	', '2009-09-01', '1', '987-86-0921'),
(5832, 'Steel', 'American Pitbull	', '2009-07-01', '1', '998-87-7276'),
(5900, 'Amery', 'Akita Americano	', '2011-09-01', '1', '401-27-3212'),
(5980, 'Adam', 'Golden Retriever	', '2013-06-01', '1', '997-44-7545'),
(6049, 'Prescott', 'O. E. Sheepdog', '2010-04-01', '1', '997-11-1517'),
(6110, 'Minerva', 'Afghan Hound	', '2006-05-01', '1', '984-31-3570'),
(6140, 'Amanda', 'Chihuahua	', '2001-07-01', '1', '981-86-7000'),
(6142, 'Nash', 'Schnauzer Miniatura	', '2003-05-01', '1', '982-97-4674'),
(6143, 'Jerome', 'Cocker Inglês', '2008-07-01', '1', '999-53-0646'),
(6406, 'Carissa', 'Bullmastiff	', '2010-09-01', '1', '990-86-1674'),
(6451, 'Leandra', 'Pequinês	', '2001-06-01', '1', '983-58-5122'),
(6478, 'Amery', 'Beagle	', '2007-09-01', '1', '985-48-8980'),
(6499, 'Rae', 'Fila Brasileiro	', '2007-10-01', '1', '985-53-4002'),
(6568, 'Ronan', 'Setter Irlandês	', '2005-10-01', '1', '995-77-1404'),
(6580, 'Kessie', 'Lhasa Apso', '2007-04-01', '1', '999-83-8425'),
(6785, 'Jack', 'Teckel	', '2007-12-01', '1', '992-16-9888'),
(6798, 'Chadwick', 'Akita Americano	', '2000-01-01', '1', '987-68-4699'),
(6835, 'Devin', 'Basset Hound	', '2007-10-01', '1', '999-86-0822'),
(6865, 'Silas', 'Dálmata	', '2006-09-01', '1', '986-48-2165'),
(6953, 'Kasimir', 'Teckel	', '2012-06-01', '1', '999-05-6484'),
(6966, 'Jasmine', 'Mastino Napoletano	', '2005-05-01', '1', '989-98-5378'),
(7016, 'Jane', 'Cocker Americano	', '2011-08-01', '1', '981-75-6841'),
(7047, 'Zelenia', 'Pequinês	', '2010-05-01', '1', '996-78-1465'),
(7068, 'Macey', 'Fila Brasileiro	', '2012-06-01', '1', '998-46-2321'),
(7077, 'Abraham', 'Beagle	', '2004-08-01', '1', '982-10-0496'),
(7187, 'Upton', 'Basset Hound	', '2013-02-01', '1', '998-77-6977'),
(7192, 'Sophia', 'Schnauzer Standard	', '2008-04-01', '1', '984-83-7979'),
(7208, 'Guy', 'Akita Inu', '2005-04-01', '1', '985-28-0087'),
(7290, 'Claudia', 'Golden Retriever	', '2000-09-01', '1', '996-72-0743'),
(7478, 'Maris', 'Akita Americano	', '2012-01-01', '1', '996-37-9061'),
(7507, 'Allegra', 'Dálmata	', '2001-08-01', '1', '990-42-1848'),
(7526, 'Brenda', 'Collie	', '2001-10-01', '1', '987-52-6568'),
(7594, 'Dana', 'Maltês	', '2007-05-01', '1', '995-10-5589'),
(7655, 'Orla', 'Setter Inglês', '2012-08-01', '1', '996-67-8936'),
(7718, 'Abraham', 'Rottweiler	', '2004-05-01', '1', '998-77-6977'),
(7731, 'Rinah', 'Dobermann	', '2004-12-01', '1', '994-18-8690'),
(7739, 'Noel', 'Dogue Alemão', '2007-12-01', '1', '994-94-8549'),
(7741, 'Genevieve', 'Teckel	', '2007-07-01', '1', '998-46-2321'),
(7762, 'Hanna', 'Afghan Hound	', '2013-02-01', '1', '992-87-7577'),
(7795, 'Cooper', 'Cocker Inglês', '2002-08-01', '1', '995-41-9819'),
(7859, 'Jessica', 'Pastor Alemão	', '2006-11-01', '1', '993-86-1317'),
(7893, 'Kasimir', 'Setter Inglês', '2008-02-01', '1', '989-98-5378'),
(7917, 'Kathleen', 'Mastiff	', '2008-03-01', '1', '996-27-4474'),
(7978, 'Cassidy', 'Spitz Alemão', '2002-06-01', '1', '994-92-1592'),
(8090, 'Halla', 'American Pitbull	', '2000-03-01', '1', '401-27-3212'),
(8102, 'Yvonne', 'Golden Retriever	', '2003-09-01', '1', '983-71-2262'),
(8108, 'Prescott', 'Basset Hound	', '2002-04-01', '1', '999-83-8425'),
(8130, 'Kylan', 'Dogue Alemão', '2007-08-01', '1', '983-92-2844'),
(8256, 'Abel', 'Labrador	', '2008-01-01', '1', '992-23-6102'),
(8275, 'Peter', 'Afghan Hound	', '2009-04-01', '1', '988-10-0868'),
(8281, 'Anika', 'Fox Terrier Pelo Duro	', '2000-11-01', '1', '992-46-0322'),
(8356, 'Jana', 'Chow Chow	', '2000-04-01', '1', '996-59-8553'),
(8411, 'Colorado', 'Setter Inglês', '2007-10-01', '1', '996-68-2870'),
(8429, 'Jamal', 'Maltês	', '2008-06-01', '1', '982-86-8667'),
(8436, 'Inga', 'Bichon Frisé', '2001-07-01', '1', '989-01-7075'),
(8445, 'Rigel', 'Shar Pei	', '2003-12-01', '1', '986-31-3786'),
(8456, 'Neve', 'Bichon Frisé', '2012-01-01', '1', '401-27-3212'),
(8491, 'April', 'Cocker Inglês', '2004-11-01', '1', '992-87-7577'),
(8553, 'Iona', 'Teckel	', '2011-01-01', '1', '401-27-3212'),
(8613, 'Daniel', 'Mastiff	', '2013-01-01', '1', '998-01-5173'),
(8662, 'Kadeem', 'Akita Inu', '2000-09-01', '1', '999-25-6973'),
(8696, 'Bruno', 'Dálmata	', '2012-12-01', '1', '982-43-8572'),
(8780, 'Evangeline', 'Lhasa Apso', '2005-02-01', '1', '985-42-8125'),
(8795, 'Sylvester', 'Foxhound Inglês	', '2008-02-01', '1', '996-77-0606'),
(8838, 'Uta', 'American Pitbull	', '2005-04-01', '1', '993-31-4503'),
(8850, 'Teagan', 'Golden Retriever	', '2002-08-01', '1', '990-86-1674'),
(8875, 'Karyn', 'Collie	', '2001-02-01', '1', '998-94-4023'),
(9129, 'Melvin', 'Chow Chow	', '2010-11-01', '1', '986-11-1509'),
(9132, 'Flynn', 'Airedale Terrier	', '2002-02-01', '1', '993-76-0707'),
(9215, 'Axel', 'Collie	', '2012-05-01', '1', '989-24-4123'),
(9272, 'Lucy', 'Pointer Inglês	', '2003-10-01', '1', '990-01-4538'),
(9304, 'Idola', 'Bulldog	', '2005-04-01', '1', '983-58-5122'),
(9325, 'David', 'Lhasa Apso', '2005-06-01', '1', '996-09-3833'),
(9332, 'Norman', 'Terrier Brasileiro	', '2003-08-01', '1', '990-42-1848'),
(9361, 'Derek', 'Yorkshire Terrier', '2001-01-01', '1', '991-12-0127'),
(9397, 'Roary', 'São Bernardo', '2012-07-01', '1', '993-31-4503'),
(9438, 'Natalie', 'Dálmata	', '2000-07-01', '1', '985-51-2335'),
(9441, 'Aquila', 'Teckel	', '2002-05-01', '1', '996-78-1465'),
(9450, 'Ivana', 'Beagle	', '2006-04-01', '1', '994-71-1094'),
(9596, 'Jermaine', 'Schnauzer Gigante	', '2009-09-01', '1', '990-44-7032'),
(9605, 'Zephania', 'Schnauzer Miniatura	', '2013-05-01', '1', '996-98-0922'),
(9618, 'Rashad', 'Schnauzer Standard	', '2006-07-01', '1', '401-27-3212'),
(9702, 'Kirsten', 'Rottweiler	', '2009-04-01', '1', '991-34-6011'),
(9748, 'Anastasia', 'Husky Siberiano	', '2009-10-01', '1', '995-60-3921'),
(9974, 'Hiroko', 'Yorkshire Terrier', '2013-06-01', '1', '997-44-7545'),
(10006, 'Gil', 'Chihuahua	', '2012-07-01', '1', '990-01-4538'),
(10090, 'Rudyard', 'Bulldog	', '2006-06-01', '1', '983-47-9103'),
(10121, 'Lunea', 'Bichon Frisé', '2004-08-01', '1', '987-10-2493'),
(10167, 'Burton', 'São Bernardo', '2009-08-01', '1', '983-17-5659'),
(10205, 'Nayda', 'Afghan Hound	', '2006-10-01', '1', '984-52-9811'),
(10209, 'Isaac', 'Basset Hound	', '2006-07-01', '1', '991-27-3557'),
(10277, 'Carla', 'Afghan Hound	', '2008-09-01', '1', '982-10-0496'),
(10379, 'Rylee', 'Teckel	', '2002-08-01', '1', '992-46-0322'),
(10387, 'Armand', 'São Bernardo', '2001-04-01', '1', '990-44-7032'),
(10411, 'Sandra', 'Pastor Alemão	', '2000-10-01', '1', '998-07-0854'),
(10414, 'Anika', 'Bullmastiff	', '2007-08-01', '1', '992-40-4505'),
(10480, 'Shay', 'Afghan Hound	', '2007-04-01', '1', '996-77-0606'),
(10486, 'Cherokee', 'Dálmata	', '2010-07-01', '1', '987-10-2493'),
(10489, 'Octavius', 'Dálmata	', '2002-09-01', '1', '996-68-4550'),
(10501, 'Benedict', 'Bullmastiff	', '2008-04-01', '1', '990-86-1674'),
(10515, 'Rhiannon', 'Staff Bull Terrier	', '2000-06-01', '1', '999-62-2181'),
(10518, 'Richard', 'Chihuahua	', '2001-02-01', '1', '996-53-2154'),
(10591, 'Chloe', 'Afghan Hound	', '2003-10-01', '1', '988-24-7508'),
(10601, 'Logan', 'Lhasa Apso', '2006-10-01', '1', '988-49-2741'),
(10625, 'Garrison', 'Boxer	', '2003-09-01', '1', '981-81-2788'),
(10651, 'Ferdinand', 'Schnauzer Standard	', '2007-03-01', '1', '999-86-0822'),
(10677, 'Charity', 'Golden Retriever	', '2009-01-01', '1', '999-74-8651'),
(10730, 'Delilah', 'Fox Terrier Pelo Liso', '2008-09-01', '1', '986-41-3540'),
(10754, 'Fay', 'Airedale Terrier	', '2008-02-01', '1', '987-68-4699'),
(10844, 'Rose', 'Mastino Napoletano	', '2009-02-01', '1', '996-37-0541'),
(10856, 'Felicia', 'Golden Retriever	', '2011-01-01', '1', '983-98-5942'),
(10877, 'Amy', 'Akita Inu', '2010-10-01', '1', '992-16-9888'),
(10914, 'Galvin', 'Foxhound Inglês	', '2000-05-01', '1', '999-83-8425'),
(10952, 'Russell', 'Perdigueiro	', '2002-02-01', '1', '984-31-3570'),
(10982, 'Nevada', 'Dogue Alemão', '2008-07-01', '1', '998-07-0854'),
(11046, 'Carolyn', 'Mastino Napoletano	', '2009-07-01', '1', '994-63-2676'),
(11209, 'Slade', 'Chow Chow	', '2001-03-01', '1', '401-27-3212'),
(11240, 'Christopher', 'Schnauzer Gigante	', '2011-07-01', '1', '997-43-0785'),
(11274, 'Matthew', 'Pastor Alemão	', '2012-06-01', '1', '995-15-2007'),
(11319, 'Nathan', 'Yorkshire Terrier', '2003-12-01', '1', '401-27-3212'),
(11339, 'Alden', 'Spitz Alemão', '2010-01-01', '1', '988-49-2741'),
(11371, 'Liberty', 'Dálmata	', '2003-08-01', '1', '992-46-0322'),
(11425, 'Reece', 'Spitz Alemão', '2008-03-01', '1', '986-67-8403'),
(11551, 'Ray', 'Bulldog	', '2003-05-01', '1', '989-69-2110'),
(11629, 'Francesca', 'Airedale Terrier	', '2005-09-01', '1', '995-80-0245'),
(11667, 'Alika', 'Perdigueiro	', '2004-04-01', '1', '991-27-3557'),
(11700, 'Aphrodite', 'Dobermann	', '2006-06-01', '1', '991-33-7648'),
(11704, 'Remedios', 'Chihuahua	', '2010-03-01', '1', '997-75-8298'),
(11760, 'Lunea', 'Dogue Alemão', '2001-11-01', '1', '991-61-9781'),
(11770, 'Dahlia', 'Poodle	', '2000-06-01', '1', '996-79-1053'),
(11791, 'Shoshana', 'Terrier Brasileiro	', '2008-07-01', '1', '985-28-0087'),
(11807, 'Chase', 'Shar Pei	', '2005-01-01', '1', '997-44-7545'),
(11873, 'Belle', 'Mastino Napoletano	', '2011-05-01', '1', '996-59-8553'),
(11923, 'Charles', 'Bulldog	', '2002-07-01', '1', '988-49-2741'),
(11945, 'Clio', 'Poodle	', '2005-04-01', '1', '994-75-5300'),
(12019, 'Wynter', 'Setter Irlandês	', '2000-09-01', '1', '992-15-9310'),
(12171, 'Sonia', 'Afghan Hound	', '2009-07-01', '1', '984-59-3233'),
(12240, 'Sasha', 'Husky Siberiano	', '2001-02-01', '1', '995-10-5589'),
(12294, 'Rigel', 'Poodle	', '2011-07-01', '1', '981-75-6841'),
(12376, 'Chadwick', 'Airedale Terrier	', '2004-12-01', '1', '999-25-6973'),
(12465, 'Thane', 'Cocker Americano	', '2010-01-01', '1', '994-35-4180'),
(12474, 'Simone', 'Husky Siberiano	', '2011-08-01', '1', '999-74-8651'),
(12554, 'Kiona', 'Fox Terrier Pelo Liso', '2006-10-01', '1', '999-83-8425'),
(12571, 'Hunter', 'Labrador	', '2002-04-01', '1', '984-59-3233'),
(12640, 'Jerome', 'Staff Bull Terrier	', '2003-11-01', '1', '983-18-2454'),
(12712, 'Delilah', 'Airedale Terrier	', '2004-07-01', '1', '998-76-3595'),
(12870, 'Amy', 'Cocker Americano	', '2000-02-01', '1', '990-86-1674'),
(13062, 'Marvin', 'Schnauzer Gigante	', '2000-12-01', '1', '997-04-6454'),
(13238, 'Fritz', 'Staff Bull Terrier	', '2007-12-01', '1', '983-71-2262'),
(13340, 'Ann', 'Foxhound Inglês	', '2011-07-01', '1', '995-77-1404'),
(13391, 'Tyler', 'Akita Americano	', '2008-07-01', '1', '997-49-8027'),
(13398, 'Rafael', 'Shih Tzu	', '2008-03-01', '1', '995-45-6457'),
(13429, 'Randall', 'Chow Chow	', '2005-05-01', '1', '997-29-8023'),
(13503, 'Carla', 'Basset Hound	', '2009-12-01', '1', '984-71-1477'),
(13630, 'Whilemina', 'Chartreux	', '2008-12-01', '0', '996-09-3833'),
(13640, 'Alexander', 'Chartreux	', '2001-11-01', '0', '998-76-3595'),
(13664, 'Veronica', 'Chartreux	', '2004-06-01', '0', '996-72-0743'),
(13672, 'Nicholas', 'Burmese	', '2000-11-01', '0', '984-09-3174'),
(13676, 'Scarlett', 'Oriental	', '2012-03-01', '0', '992-43-5950'),
(13790, 'Yoshi', 'American Shorthair	', '2011-02-01', '0', '987-01-6827'),
(13828, 'Jerry', 'Scottish Fold	', '2000-05-01', '0', '996-78-1465'),
(13930, 'Paloma', 'Siamês', '2008-01-01', '0', '982-86-8667'),
(14064, 'Fiona', 'Himalaio	', '2011-11-01', '0', '983-17-5659'),
(14072, 'Garrett', 'American Shorthair	', '2011-07-01', '0', '991-04-5345'),
(14087, 'Sage', 'European Shorthair	', '2007-03-01', '0', '996-59-8553'),
(14104, 'Breanna', 'Cornish Rex', '2002-04-01', '0', '990-97-1367'),
(14128, 'Lacey', 'Brazilian Shorthair	', '2013-04-01', '0', '982-21-4502'),
(14313, 'Theodore', 'Bengal	', '2001-10-01', '0', '996-27-4474'),
(14350, 'Martina', 'Bengal	', '2005-09-01', '0', '997-75-8298'),
(14484, 'Rina', 'Angorá', '2005-12-01', '0', '992-23-6102'),
(14499, 'Brady', 'Exótico', '2009-02-01', '0', '991-61-9781'),
(14595, 'Nyssa', 'Brazilian Shorthair	', '2005-01-01', '0', '990-60-2970'),
(14630, 'Gabriel', 'Siamês', '2007-03-01', '0', '984-36-7254'),
(14739, 'Rose', 'Persa	', '2010-04-01', '0', '995-15-2007'),
(14770, 'Lionel', 'Burmese	', '2013-02-01', '0', '988-34-3247'),
(14793, 'Marsden', 'Siamês', '2013-04-01', '0', '987-54-3299'),
(14899, 'Rhona', 'Brazilian Shorthair	', '2011-10-01', '0', '999-53-0646'),
(14945, 'Marny', 'Sphynx', '2010-05-01', '0', '996-37-0541'),
(14971, 'Aidan', 'European Shorthair	', '2010-03-01', '0', '993-32-4995'),
(14992, 'Roanna', 'British Shorthair', '2002-12-01', '0', '985-64-2800'),
(15184, 'Mercedes', 'European Shorthair	', '2008-08-01', '0', '995-41-9819'),
(15291, 'Jack', 'Oriental	', '2011-06-01', '0', '986-41-3540'),
(15294, 'Warren', 'Norwegian Forest', '2001-02-01', '0', '999-25-6973'),
(15329, 'Camille', 'Chartreux	', '2009-11-01', '0', '998-94-4023'),
(15352, 'Pascale', 'Burmese	', '2002-02-01', '0', '990-05-2008'),
(15365, 'Julie', 'American Shorthair	', '2008-10-01', '0', '984-59-3233'),
(15371, 'Kibo', 'Chartreux	', '2009-09-01', '0', '985-64-2800'),
(15449, 'Cheyenne', 'Burmese	', '2011-03-01', '0', '987-68-4699'),
(15450, 'Bruce', 'Persa	', '2008-05-01', '0', '999-96-2893'),
(15461, 'Cecilia', 'Persa	', '2010-05-01', '0', '983-98-5942'),
(15485, 'Alec', 'Egyptian Mau	', '2012-09-01', '0', '995-45-6457'),
(15516, 'Richard', 'Persa	', '2007-05-01', '0', '992-46-0322'),
(15532, 'Xantha', 'Oriental	', '2003-07-01', '0', '991-04-5345'),
(15586, 'Naomi', 'Chartreux	', '2011-10-01', '0', '992-16-9888'),
(15589, 'Stone', 'Sphynx', '2012-01-01', '0', '984-34-2782'),
(15615, 'Clare', 'American Shorthair	', '2012-05-01', '0', '985-47-3998'),
(15616, 'Emerald', 'Maine Coon	', '2013-03-01', '0', '995-25-1312'),
(15646, 'Shelly', 'Angorá', '2007-01-01', '0', '401-27-3212'),
(15753, 'Ethan', 'British Shorthair', '2005-05-01', '0', '981-81-2788'),
(15935, 'Judith', 'British Shorthair', '2001-11-01', '0', '995-59-6516'),
(15978, 'Merritt', 'Scottish Fold	', '2007-07-01', '0', '985-33-2385'),
(15986, 'Chaney', 'Bengal	', '2000-07-01', '0', '984-46-3093'),
(15987, 'Grady', 'Oriental	', '2009-09-01', '0', '401-27-3212'),
(16087, 'Jessamine', 'Norwegian Forest', '2005-06-01', '0', '989-24-4123'),
(16120, 'Leslie', 'Burmese	', '2008-03-01', '0', '984-09-3174'),
(16134, 'Simon', 'Maine Coon	', '2004-11-01', '0', '988-34-3247'),
(16329, 'Abbot', 'Chartreux	', '2008-03-01', '0', '997-44-7545'),
(16376, 'Vaughan', 'Exótico', '2010-06-01', '0', '996-78-9569'),
(16396, 'Fulton', 'Sphynx', '2001-07-01', '0', '995-36-0305'),
(16500, 'Eugenia', 'Cornish Rex', '2003-11-01', '0', '987-21-0746'),
(16519, 'Gloria', 'Himalaio	', '2012-01-01', '0', '999-25-6973'),
(16602, 'Julian', 'Exótico', '2010-09-01', '0', '983-62-0322'),
(16606, 'Bryar', 'Sagrado da Birmânia	', '2007-08-01', '0', '986-91-8180'),
(17010, 'Rachel', 'Chartreux	', '2012-04-01', '0', '996-67-8936'),
(17021, 'Ahmed', 'Burmese	', '2009-08-01', '0', '995-45-6457'),
(17106, 'Devin', 'Egyptian Mau	', '2008-05-01', '0', '998-94-4023'),
(17170, 'Blythe', 'Brazilian Shorthair	', '2013-05-01', '0', '984-09-3174'),
(17175, 'Matthew', 'Burmese	', '2009-09-01', '0', '987-10-2493'),
(17307, 'Amal', 'Ragdoll', '2010-07-01', '0', '998-77-6977'),
(17330, 'Palmer', 'Burmese	', '2004-09-01', '0', '997-04-6454'),
(17462, 'Macey', 'Scottish Fold	', '2006-04-01', '0', '994-94-8549'),
(17499, 'Kay', 'Sagrado da Birmânia	', '2010-10-01', '0', '987-72-3194'),
(17550, 'Colby', 'Sphynx', '2006-04-01', '0', '996-59-8553'),
(17585, 'Cecilia', 'Oriental	', '2001-05-01', '0', '988-99-1632'),
(17652, 'Ashely', 'British Shorthair', '2005-01-01', '0', '991-93-1835'),
(17665, 'Yvonne', 'Brazilian Shorthair	', '2003-04-01', '0', '992-15-9310'),
(17808, 'Scarlet', 'Angorá', '2001-06-01', '0', '986-41-3540'),
(17833, 'Rachel', 'Norwegian Forest', '2007-10-01', '0', '987-72-3194'),
(17899, 'Jordan', 'Sagrado da Birmânia	', '2002-07-01', '0', '983-01-9550'),
(17961, 'Debra', 'Egyptian Mau	', '2008-06-01', '0', '997-63-4705'),
(18034, 'Kiayada', 'Cornish Rex', '2010-04-01', '0', '992-95-4020'),
(18071, 'Maile', 'British Shorthair', '2002-09-01', '0', '985-32-0420'),
(18250, 'Veda', 'Egyptian Mau	', '2001-10-01', '0', '996-37-9061'),
(18286, 'Britanney', 'European Shorthair	', '2009-04-01', '0', '990-01-4538'),
(18296, 'Pascale', 'Scottish Fold	', '2012-10-01', '0', '997-63-4705'),
(18406, 'Zachery', 'Cornish Rex', '2000-08-01', '0', '983-17-5659'),
(18478, 'Athena', 'Chartreux	', '2004-05-01', '0', '995-25-1312'),
(18480, 'Holly', 'Norwegian Forest', '2000-04-01', '0', '988-99-1632'),
(18492, 'Tanner', 'Maine Coon	', '2012-04-01', '0', '985-64-2800'),
(18621, 'Tyrone', 'European Shorthair	', '2012-07-01', '0', '984-34-2782'),
(18639, 'Ava', 'American Shorthair	', '2007-02-01', '0', '998-94-4023'),
(18766, 'Owen', 'Himalaio	', '2009-05-01', '0', '996-09-3833'),
(19045, 'Sage', 'Angorá', '2010-05-01', '0', '992-15-9310'),
(19113, 'Wendy', 'Ragdoll', '2002-10-01', '0', '986-31-3786'),
(19121, 'Kelsey', 'Burmese	', '2006-12-01', '0', '985-53-4002'),
(19217, 'MacKenzie', 'Abissínio	', '2013-05-01', '0', '997-11-1517'),
(19277, 'Megan', 'Burmese	', '2013-01-01', '0', '992-22-1704'),
(19279, 'Teagan', 'Egyptian Mau	', '2005-01-01', '0', '982-86-8667'),
(19374, 'Leilani', 'Oriental	', '2007-12-01', '0', '992-15-9310'),
(19401, 'Ella', 'Scottish Fold	', '2007-01-01', '0', '998-46-2321'),
(19449, 'Mara', 'Sagrado da Birmânia	', '2006-04-01', '0', '983-58-5122'),
(19485, 'Laurel', 'Abissínio	', '2011-07-01', '0', '998-77-6977'),
(19531, 'Bevis', 'European Shorthair	', '2011-12-01', '0', '984-52-9811'),
(19536, 'Brett', 'Cornish Rex', '2002-09-01', '0', '986-91-8180');

-- --------------------------------------------------------

--
-- Estrutura da tabela `servico`
--

CREATE TABLE IF NOT EXISTS `servico` (
  `IdServico` int(11) NOT NULL AUTO_INCREMENT,
  `Preco` decimal(10,2) NOT NULL,
  `Nome` varchar(255) NOT NULL,
  PRIMARY KEY (`IdServico`)
) ENGINE=InnoDB  DEFAULT CHARSET=latin1 AUTO_INCREMENT=15 ;

--
-- Extraindo dados da tabela `servico`
--

INSERT INTO `servico` (`IdServico`, `Preco`, `Nome`) VALUES
(1, 360.00, 'Hotel Extreme Luxe'),
(2, 310.00, 'Hotel Luxe'),
(3, 280.00, 'Hotel Premium'),
(4, 50.00, 'Banho'),
(5, 30.00, 'Tosa'),
(6, 80.00, 'Banho & Hidratação'),
(7, 300.00, 'Castração'),
(8, 100.00, 'Consulta'),
(9, 30.00, 'Vacinação'),
(10, 1000.00, 'Cirurgia'),
(11, 25.00, 'Medicamentos'),
(12, 60.00, 'Exames'),
(13, 20.00, 'Limpeza de tártaro'),
(14, 600.00, 'Internação');

-- --------------------------------------------------------

--
-- Estrutura da tabela `servicobanhotosa`
--

CREATE TABLE IF NOT EXISTS `servicobanhotosa` (
  `IdServico` int(11) NOT NULL AUTO_INCREMENT,
  `TempoDuracao` time NOT NULL,
  PRIMARY KEY (`IdServico`)
) ENGINE=InnoDB  DEFAULT CHARSET=latin1 AUTO_INCREMENT=7 ;

--
-- Extraindo dados da tabela `servicobanhotosa`
--

INSERT INTO `servicobanhotosa` (`IdServico`, `TempoDuracao`) VALUES
(4, '00:50:00'),
(5, '00:30:00'),
(6, '01:20:00');

-- --------------------------------------------------------

--
-- Estrutura da tabela `servicohotel`
--

CREATE TABLE IF NOT EXISTS `servicohotel` (
  `IdServico` int(11) NOT NULL AUTO_INCREMENT,
  `Nivel` int(11) NOT NULL,
  PRIMARY KEY (`IdServico`)
) ENGINE=InnoDB  DEFAULT CHARSET=latin1 AUTO_INCREMENT=4 ;

--
-- Extraindo dados da tabela `servicohotel`
--

INSERT INTO `servicohotel` (`IdServico`, `Nivel`) VALUES
(1, 3),
(2, 2),
(3, 1);

-- --------------------------------------------------------

--
-- Estrutura da tabela `servicoveterinario`
--

CREATE TABLE IF NOT EXISTS `servicoveterinario` (
  `IdServico` int(11) NOT NULL AUTO_INCREMENT,
  `Observacao` varchar(255) NOT NULL,
  PRIMARY KEY (`IdServico`)
) ENGINE=InnoDB  DEFAULT CHARSET=latin1 AUTO_INCREMENT=15 ;

--
-- Extraindo dados da tabela `servicoveterinario`
--

INSERT INTO `servicoveterinario` (`IdServico`, `Observacao`) VALUES
(7, 'Castração de cães e gatos'),
(8, 'Consultas agendadas'),
(9, 'Vacinação periódica'),
(10, 'Cirgurgias em geral'),
(11, 'Aplicação de medicamentos prescritos'),
(12, 'Realização de exames em geral'),
(13, 'Tratamento de tártaro e cáries'),
(14, 'Internação por motivos de doenças');

-- --------------------------------------------------------

--
-- Estrutura da tabela `telefone`
--

CREATE TABLE IF NOT EXISTS `telefone` (
  `IdTelefone` int(11) NOT NULL AUTO_INCREMENT,
  `Telefone` varchar(14) NOT NULL,
  `CPF` varchar(11) NOT NULL,
  PRIMARY KEY (`IdTelefone`),
  KEY `fk_Telefone_Cliente1_idx` (`CPF`)
) ENGINE=InnoDB  DEFAULT CHARSET=latin1 AUTO_INCREMENT=12459 ;

--
-- Extraindo dados da tabela `telefone`
--

INSERT INTO `telefone` (`IdTelefone`, `Telefone`, `CPF`) VALUES
(53, '736-735-2046', '991-34-6011'),
(125, '002-059-8167', '988-19-8908'),
(136, '734-553-0980', '983-58-5122'),
(251, '880-360-6639', '997-09-3584'),
(254, '475-376-2021', '996-72-0743'),
(310, '666-004-7269', '985-48-8980'),
(324, '783-688-5227', '990-44-7032'),
(362, '166-135-0674', '989-65-4591'),
(378, '182-821-6934', '985-48-8980'),
(386, '608-786-1268', '981-75-6841'),
(468, '094-090-9493', '985-33-2385'),
(493, '938-769-8820', '985-64-2800'),
(505, '482-925-3001', '997-49-9130'),
(535, '079-886-0638', '981-75-6841'),
(569, '360-866-5007', '986-11-1509'),
(607, '177-074-7860', '999-96-2893'),
(680, '742-099-3219', '998-46-2321'),
(719, '010-021-4083', '988-10-0868'),
(731, '641-751-0490', '990-44-7032'),
(787, '817-608-9936', '982-21-4502'),
(932, '810-444-5545', '984-46-3093'),
(967, '743-818-9272', '984-59-7668'),
(1076, '032-456-3661', '984-46-3093'),
(1123, '697-296-5863', '985-53-4002'),
(1147, '526-531-8308', '996-53-2154'),
(1176, '233-611-2428', '995-60-3921'),
(1191, '045-488-5156', '997-09-3584'),
(1359, '899-532-9204', '996-27-4474'),
(1444, '220-844-1377', '997-29-8023'),
(1451, '476-931-1137', '994-71-1094'),
(1492, '789-325-8213', '996-09-3833'),
(1543, '642-509-2328', '984-52-9811'),
(1549, '302-558-3689', '996-78-9569'),
(1621, '822-929-7177', '983-01-9550'),
(1751, '156-765-7572', '997-63-4705'),
(1793, '342-413-8571', '982-10-0496'),
(1819, '039-828-2548', '984-52-9811'),
(1967, '474-110-0667', '995-80-0245'),
(1983, '224-191-3423', '998-46-2321'),
(2091, '817-348-7668', '984-09-3174'),
(2136, '474-236-5337', '993-76-0707'),
(2212, '956-078-0520', '982-21-4502'),
(2242, '603-414-9803', '995-80-0245'),
(2262, '931-066-2432', '983-92-2844'),
(2333, '432-711-8670', '985-51-2335'),
(2397, '425-365-1410', '984-36-7254'),
(2405, '865-354-5071', '984-36-7254'),
(2494, '208-040-8758', '996-79-1053'),
(2565, '332-156-8769', '994-94-8549'),
(2610, '130-871-3562', '995-77-1404'),
(2632, '856-731-2961', '994-94-8549'),
(2695, '770-799-8998', '984-34-2782'),
(2710, '768-698-0915', '996-37-9061'),
(2968, '074-547-4014', '996-68-2870'),
(2990, '126-399-2090', '997-29-8023'),
(3076, '155-329-6662', '983-17-5659'),
(3137, '534-372-1046', '992-87-7577'),
(3146, '547-616-2825', '992-95-4020'),
(3172, '221-321-1822', '998-07-0854'),
(3329, '454-882-8882', '984-71-1477'),
(3359, '739-727-7220', '987-10-2493'),
(3368, '173-378-1691', '989-98-5378'),
(3376, '101-745-8955', '986-91-8180'),
(3441, '619-632-6613', '990-44-7032'),
(3452, '345-882-8363', '998-77-6977'),
(3571, '722-858-1328', '997-49-9130'),
(3805, '101-657-4088', '990-01-4538'),
(3817, '877-746-5681', '983-92-2844'),
(3835, '486-272-1531', '984-34-2782'),
(3860, '093-066-6468', '990-42-1848'),
(3929, '220-192-1603', '986-41-3540'),
(3973, '420-997-8494', '986-33-5796'),
(4041, '076-672-1067', '983-92-2844'),
(4060, '745-021-7757', '996-68-2870'),
(4230, '946-227-8064', '993-86-1317'),
(4258, '699-601-9731', '999-83-8425'),
(4263, '281-617-7387', '997-75-8298'),
(4273, '439-073-9157', '983-18-2454'),
(4299, '395-097-2196', '996-98-0922'),
(4339, '665-049-8711', '994-34-1151'),
(4425, '029-480-5338', '991-61-9781'),
(4460, '145-644-0266', '994-63-2676'),
(4476, '742-710-4127', '996-37-0541'),
(4506, '251-726-3147', '985-28-0087'),
(4569, '906-850-4219', '985-47-3998'),
(4663, '682-647-9017', '993-31-4503'),
(4695, '377-414-2738', '982-83-3289'),
(4719, '186-238-4516', '983-71-2262'),
(4808, '587-970-2639', '984-52-9811'),
(4816, '181-501-8862', '996-67-8936'),
(4841, '544-103-8513', '985-48-8980'),
(4847, '707-028-6125', '986-31-3786'),
(4858, '470-429-9352', '984-52-9811'),
(4904, '525-879-5629', '989-33-7114'),
(4938, '910-229-9740', '994-94-8549'),
(4948, '504-499-9949', '986-41-3540'),
(5065, '052-710-0876', '981-86-7000'),
(5093, '090-248-5710', '997-19-7879'),
(5123, '977-412-5800', '986-48-2165'),
(5198, '306-147-1990', '984-59-3233'),
(5240, '989-802-6575', '983-98-5942'),
(5395, '145-754-3788', '983-92-2844'),
(5397, '228-455-7691', '999-62-2181'),
(5410, '427-121-9849', '994-35-4180'),
(5416, '441-981-2833', '987-54-3299'),
(5452, '705-875-2310', '992-82-7173'),
(5693, '921-551-0988', '984-83-7979'),
(5780, '934-826-7418', '988-34-3247'),
(5886, '360-650-6259', '989-69-2110'),
(6029, '012-721-6184', '999-86-0822'),
(6102, '113-187-9501', '983-18-2454'),
(6105, '057-319-9955', '982-10-0496'),
(6133, '964-709-9869', '983-18-2454'),
(6216, '980-640-9186', '994-01-2595'),
(6251, '266-022-8626', '982-86-8667'),
(6326, '476-046-3783', '990-44-7032'),
(6336, '290-188-0870', '989-98-5378'),
(6503, '111-049-8064', '991-12-0127'),
(6637, '257-997-2223', '997-04-6454'),
(6707, '785-834-2021', '988-24-7508'),
(6871, '010-217-0037', '997-49-8027'),
(6874, '658-454-5254', '991-34-6011'),
(6938, '483-368-5657', '987-86-0921'),
(6980, '225-719-0867', '987-72-3194'),
(6998, '563-583-8149', '983-01-9550'),
(7187, '953-470-5241', '995-10-5589'),
(7218, '947-159-0218', '989-98-5378'),
(7267, '643-349-2329', '986-31-3786'),
(7305, '613-734-2281', '996-78-1465'),
(7308, '410-904-3014', '993-86-1317'),
(7343, '937-815-3191', '988-87-2950'),
(7513, '750-966-3385', '981-81-2788'),
(7519, '569-873-8158', '997-75-8298'),
(7538, '482-670-0549', '998-07-0854'),
(7687, '446-881-8170', '988-24-7508'),
(7954, '087-385-8819', '984-09-3174'),
(7955, '923-595-7809', '995-41-9819'),
(8135, '180-020-8933', '988-99-1632'),
(8307, '507-273-3619', '996-68-4550'),
(8340, '820-396-2767', '997-43-0785'),
(8347, '291-452-8531', '995-45-6457'),
(8382, '176-816-9981', '992-46-0322'),
(8416, '809-030-4549', '992-87-7577'),
(8444, '217-627-3073', '996-79-1053'),
(8495, '360-396-2133', '988-19-8908'),
(8503, '083-438-4464', '991-61-9781'),
(8551, '196-075-9624', '993-31-4503'),
(8623, '408-822-6852', '997-04-6454'),
(8654, '098-886-7214', '992-46-0322'),
(8722, '317-886-6572', '996-67-8936'),
(8731, '129-765-8312', '984-34-2782'),
(8733, '448-412-0014', '990-05-2008'),
(8738, '445-677-4699', '986-67-8403'),
(8796, '378-503-6089', '983-58-5122'),
(8813, '478-574-0977', '987-68-4699'),
(9070, '936-948-3917', '999-83-8425'),
(9157, '940-116-4733', '990-60-2970'),
(9160, '921-072-1865', '988-49-2741'),
(9173, '287-595-7795', '986-41-3540'),
(9232, '614-889-4223', '982-21-4502'),
(9244, '871-335-2451', '991-12-0127'),
(9295, '232-130-8019', '997-29-8023'),
(9326, '419-924-7197', '990-86-1674'),
(9345, '708-018-8528', '997-09-3584'),
(9478, '498-976-9178', '986-67-8403'),
(9536, '620-984-4648', '985-48-8980'),
(9563, '543-299-7386', '982-86-8667'),
(9619, '711-384-8482', '994-94-8549'),
(9681, '338-935-4209', '989-01-7075'),
(9761, '662-622-6066', '983-58-5122'),
(9887, '721-258-4772', '999-83-8425'),
(10028, '299-143-5620', '995-80-0245'),
(10081, '870-373-4972', '997-29-8023'),
(10240, '835-471-9779', '998-77-6977'),
(10291, '401-675-0037', '990-86-1674'),
(10386, '331-558-3699', '985-53-4002'),
(10398, '984-560-1945', '987-72-3194'),
(10403, '329-538-9071', '999-74-8651'),
(10583, '071-513-5863', '990-42-1848'),
(10598, '536-706-4268', '986-48-2165'),
(10653, '916-758-1445', '996-67-8936'),
(10669, '480-132-0377', '983-18-2454'),
(10683, '855-676-5326', '996-09-3833'),
(10701, '297-420-6189', '987-52-6568'),
(10726, '258-236-3720', '985-64-2800'),
(10736, '088-883-0836', '991-04-5345'),
(10751, '272-123-9374', '982-83-3289'),
(10796, '462-274-7307', '997-44-7545'),
(10815, '084-112-9812', '982-10-0496'),
(10971, '941-368-3299', '986-33-5796'),
(10995, '151-065-3991', '987-72-3194'),
(11022, '511-625-7245', '991-34-6011'),
(11097, '657-673-1006', '989-98-5378'),
(11169, '273-504-7856', '983-62-0322'),
(11262, '615-405-5046', '987-68-4699'),
(11310, '937-521-8805', '991-61-9781'),
(11317, '592-069-3955', '985-33-2385'),
(11757, '765-492-5256', '401-27-3212'),
(11823, '348-070-0896', '991-93-1835'),
(11899, '047-996-4803', '997-09-3584'),
(11926, '973-248-0129', '990-60-2970'),
(11954, '719-630-4728', '993-41-5899'),
(11984, '886-186-2187', '991-93-1835'),
(11989, '430-511-3022', '989-24-4123'),
(12060, '096-113-6494', '994-94-8549'),
(12064, '945-064-3018', '996-59-8553'),
(12087, '132-593-2549', '987-68-4699'),
(12120, '648-271-6055', '984-09-3174'),
(12252, '262-609-2258', '996-37-9061'),
(12412, '593-663-0865', '999-25-6973'),
(12442, '955-915-9929', '995-41-9819'),
(12455, '872-544-7939', '985-28-0087');

-- --------------------------------------------------------

--
-- Estrutura da tabela `venda`
--

CREATE TABLE IF NOT EXISTS `venda` (
  `IdVenda` int(11) NOT NULL AUTO_INCREMENT,
  `IdPet` int(11) NOT NULL,
  `PrecoVenda` decimal(10,2) NOT NULL,
  `DataCadastro` datetime NOT NULL,
  `ValorVendido` decimal(10,2) DEFAULT NULL,
  `DataVenda` datetime DEFAULT NULL,
  PRIMARY KEY (`IdVenda`),
  KEY `IdPet_idx` (`IdPet`)
) ENGINE=InnoDB  DEFAULT CHARSET=latin1 AUTO_INCREMENT=3590 ;

--
-- Extraindo dados da tabela `venda`
--

INSERT INTO `venda` (`IdVenda`, `IdPet`, `PrecoVenda`, `DataCadastro`, `ValorVendido`, `DataVenda`) VALUES
(2, 17106, 3249.00, '2012-11-11 00:00:00', 1914.00, '2006-04-23 00:00:00'),
(6, 19485, 2178.00, '2008-12-15 00:00:00', 1905.00, '2012-05-15 00:00:00'),
(127, 9450, 1591.00, '2008-04-03 00:00:00', 2306.00, '2006-08-18 00:00:00'),
(134, 10379, 1286.00, '2009-05-08 00:00:00', 3441.00, '2008-03-18 00:00:00'),
(158, 18492, 1840.00, '2007-11-08 00:00:00', 1641.00, '2007-07-25 00:00:00'),
(416, 14945, 2170.00, '2005-07-28 00:00:00', 1084.00, '2005-10-20 00:00:00'),
(511, 16134, 1548.00, '2005-04-27 00:00:00', 3297.00, '2012-09-23 00:00:00'),
(546, 7762, 2064.00, '2007-08-12 00:00:00', 2075.00, '2010-08-02 00:00:00'),
(568, 17106, 3442.00, '2011-06-09 00:00:00', 3173.00, '2011-08-16 00:00:00'),
(636, 15291, 2661.00, '2005-05-27 00:00:00', 2458.00, '2009-08-25 00:00:00'),
(666, 8850, 281.00, '2013-05-21 00:00:00', 1666.00, '2005-10-02 00:00:00'),
(690, 10651, 434.00, '2011-09-24 00:00:00', 2780.00, '2007-04-27 00:00:00'),
(781, 14945, 747.00, '2013-06-25 00:00:00', NULL, NULL),
(886, 11945, 589.00, '2011-10-11 00:00:00', 2102.00, '2005-12-09 00:00:00'),
(931, 2833, 2266.00, '2005-08-18 00:00:00', 1023.00, '2009-08-15 00:00:00'),
(987, 11760, 3288.00, '2006-11-12 00:00:00', 2722.00, '2007-06-07 00:00:00'),
(1016, 1023, 1979.00, '2005-03-26 00:00:00', 2848.00, '2011-10-12 00:00:00'),
(1025, 15646, 218.00, '2011-01-04 00:00:00', 2957.00, '2009-09-27 00:00:00'),
(1045, 1537, 620.00, '2007-07-28 00:00:00', 2215.00, '2007-02-18 00:00:00'),
(1059, 1366, 2500.00, '2009-07-21 00:00:00', 1808.00, '2005-03-26 00:00:00'),
(1099, 17808, 2530.00, '2007-10-03 00:00:00', 1541.00, '2008-07-15 00:00:00'),
(1160, 4757, 676.00, '2006-01-12 00:00:00', 1062.00, '2009-09-12 00:00:00'),
(1165, 8429, 666.00, '2011-01-09 00:00:00', 2290.00, '2009-05-07 00:00:00'),
(1316, 1023, 2080.00, '2012-06-04 00:00:00', 540.00, '2009-11-20 00:00:00'),
(1319, 1058, 516.00, '2011-10-29 00:00:00', 993.00, '2012-10-27 00:00:00'),
(1389, 2940, 1470.00, '2011-03-04 00:00:00', 3203.00, '2007-11-09 00:00:00'),
(1401, 2821, 1485.00, '2009-10-25 00:00:00', 1821.00, '2006-11-17 00:00:00'),
(1496, 15532, 2890.00, '2005-07-07 00:00:00', 914.00, '2008-12-04 00:00:00'),
(1558, 4451, 2518.00, '2011-05-12 00:00:00', 2963.00, '2005-05-03 00:00:00'),
(1742, 1303, 888.00, '2009-05-18 00:00:00', 1381.00, '2010-07-22 00:00:00'),
(1771, 12376, 1186.00, '2009-12-28 00:00:00', 370.00, '2006-09-10 00:00:00'),
(1780, 15753, 1733.00, '2011-06-24 00:00:00', 1160.00, '2005-02-06 00:00:00'),
(1848, 6865, 668.00, '2010-08-23 00:00:00', 1799.00, '2009-04-10 00:00:00'),
(1913, 18480, 482.00, '2006-06-08 00:00:00', 539.00, '2013-04-18 00:00:00'),
(1993, 1529, 3277.00, '2011-01-03 00:00:00', 406.00, '2009-12-07 00:00:00'),
(2003, 19045, 1624.00, '2013-01-03 00:00:00', 2915.00, '2010-10-09 00:00:00'),
(2035, 1129, 3104.00, '2010-01-05 00:00:00', 680.00, '2011-03-18 00:00:00'),
(2042, 5703, 2076.00, '2010-12-13 00:00:00', 3100.00, '2005-03-22 00:00:00'),
(2131, 7795, 2158.00, '2009-02-06 00:00:00', 1371.00, '2011-08-29 00:00:00'),
(2141, 1886, 3435.00, '2012-08-17 00:00:00', 2498.00, '2006-11-05 00:00:00'),
(2277, 13398, 2312.00, '2009-08-22 00:00:00', 1921.00, '2010-02-03 00:00:00'),
(2344, 7718, 3167.00, '2010-09-23 00:00:00', 762.00, '2009-12-01 00:00:00'),
(2347, 6785, 1654.00, '2007-12-13 00:00:00', 3172.00, '2006-03-07 00:00:00'),
(2389, 13429, 465.00, '2005-06-16 00:00:00', 3222.00, '2010-09-20 00:00:00'),
(2439, 10877, 459.00, '2005-08-29 00:00:00', 815.00, '2007-04-08 00:00:00'),
(2470, 311, 571.00, '2008-02-08 00:00:00', 1864.00, '2005-11-02 00:00:00'),
(2536, 8838, 221.00, '2011-04-08 00:00:00', 2996.00, '2007-08-28 00:00:00'),
(2541, 4832, 1871.00, '2011-12-11 00:00:00', 2485.00, '2013-02-16 00:00:00'),
(2559, 15461, 3033.00, '2012-02-24 00:00:00', 1127.00, '2012-03-22 00:00:00'),
(2572, 5106, 595.00, '2008-04-08 00:00:00', 3120.00, '2009-09-05 00:00:00'),
(2652, 5154, 2472.00, '2012-06-16 00:00:00', 348.00, '2011-05-16 00:00:00'),
(2818, 16329, 2806.00, '2009-08-31 00:00:00', 3084.00, '2008-09-08 00:00:00'),
(2847, 14128, 2453.00, '2009-08-14 00:00:00', 364.00, '2009-10-04 00:00:00'),
(2863, 19374, 856.00, '2013-02-09 00:00:00', 1750.00, '2010-02-10 00:00:00'),
(2912, 2401, 3154.00, '2009-03-10 00:00:00', 356.00, '2005-07-19 00:00:00'),
(2923, 15485, 2937.00, '2009-04-25 00:00:00', 317.00, '2010-09-21 00:00:00'),
(2948, 11923, 2797.00, '2010-06-27 00:00:00', 2376.00, '2013-03-13 00:00:00'),
(3082, 15329, 623.00, '2012-05-27 00:00:00', 686.00, '2012-12-11 00:00:00'),
(3227, 1867, 1879.00, '2009-02-03 00:00:00', 3453.00, '2005-03-22 00:00:00'),
(3231, 11667, 1950.00, '2007-03-21 00:00:00', 619.00, '2010-10-19 00:00:00'),
(3282, 19449, 1783.00, '2008-09-16 00:00:00', 3006.00, '2007-04-02 00:00:00'),
(3316, 7068, 1203.00, '2005-09-15 00:00:00', 1836.00, '2009-08-10 00:00:00'),
(3321, 13640, 3224.00, '2007-09-05 00:00:00', 1138.00, '2007-01-26 00:00:00'),
(3390, 15532, 2372.00, '2007-12-08 00:00:00', 2890.00, '2012-06-18 00:00:00'),
(3482, 18492, 3071.00, '2012-06-06 00:00:00', 1117.00, '2006-12-12 00:00:00'),
(3512, 12171, 874.00, '2009-02-16 00:00:00', 2186.00, '2012-02-18 00:00:00'),
(3538, 5305, 1701.00, '2006-02-05 00:00:00', 585.00, '2008-04-14 00:00:00');

--
-- Restrições para as tabelas dumpadas
--

--
-- Restrições para a tabela `atendimentoservico`
--
ALTER TABLE `atendimentoservico`
  ADD CONSTRAINT `CPFFuncionarioAtendimento` FOREIGN KEY (`CPF`) REFERENCES `funcionario` (`CPF`) ON UPDATE CASCADE,
  ADD CONSTRAINT `IdPetAtendimento` FOREIGN KEY (`IdPet`) REFERENCES `pet` (`IdPet`) ON UPDATE CASCADE,
  ADD CONSTRAINT `IdServicoAtendimento` FOREIGN KEY (`IdServico`) REFERENCES `servico` (`IdServico`) ON UPDATE CASCADE;

--
-- Restrições para a tabela `cliente`
--
ALTER TABLE `cliente`
  ADD CONSTRAINT `CPFCliente` FOREIGN KEY (`CPF`) REFERENCES `pessoa` (`CPF`) ON UPDATE CASCADE;

--
-- Restrições para a tabela `email`
--
ALTER TABLE `email`
  ADD CONSTRAINT `fk_Email_Cliente1` FOREIGN KEY (`CPF`) REFERENCES `cliente` (`CPF`) ON DELETE CASCADE ON UPDATE CASCADE;

--
-- Restrições para a tabela `funcionario`
--
ALTER TABLE `funcionario`
  ADD CONSTRAINT `CPFFuncionario` FOREIGN KEY (`CPF`) REFERENCES `pessoa` (`CPF`) ON UPDATE CASCADE;

--
-- Restrições para a tabela `pet`
--
ALTER TABLE `pet`
  ADD CONSTRAINT `CPFClientePet` FOREIGN KEY (`CPF`) REFERENCES `cliente` (`CPF`) ON UPDATE CASCADE;

--
-- Restrições para a tabela `servicobanhotosa`
--
ALTER TABLE `servicobanhotosa`
  ADD CONSTRAINT `IdServicoSBanhoTosa` FOREIGN KEY (`IdServico`) REFERENCES `servico` (`IdServico`) ON UPDATE CASCADE;

--
-- Restrições para a tabela `servicohotel`
--
ALTER TABLE `servicohotel`
  ADD CONSTRAINT `IdServicoSHotel` FOREIGN KEY (`IdServico`) REFERENCES `servico` (`IdServico`) ON UPDATE CASCADE;

--
-- Restrições para a tabela `servicoveterinario`
--
ALTER TABLE `servicoveterinario`
  ADD CONSTRAINT `IdServicoSVeterinario` FOREIGN KEY (`IdServico`) REFERENCES `servico` (`IdServico`) ON UPDATE CASCADE;

--
-- Restrições para a tabela `telefone`
--
ALTER TABLE `telefone`
  ADD CONSTRAINT `fk_Telefone_Cliente1` FOREIGN KEY (`CPF`) REFERENCES `cliente` (`CPF`) ON DELETE CASCADE ON UPDATE CASCADE;

--
-- Restrições para a tabela `venda`
--
ALTER TABLE `venda`
  ADD CONSTRAINT `IdPetVenda` FOREIGN KEY (`IdPet`) REFERENCES `pet` (`IdPet`) ON UPDATE CASCADE;

/*!40101 SET CHARACTER_SET_CLIENT=@OLD_CHARACTER_SET_CLIENT */;
/*!40101 SET CHARACTER_SET_RESULTS=@OLD_CHARACTER_SET_RESULTS */;
/*!40101 SET COLLATION_CONNECTION=@OLD_COLLATION_CONNECTION */;
